Feature,Importance,Cumulative
207-282,0.043985553,0.043985553
128-225,0.038742388,0.082727942
207-278,0.031813199,0.11454114
199-208,0.030588755,0.145129895
138-208,0.028338127,0.173468022
151-161,0.02610269,0.199570712
140-208,0.02282203,0.222392742
139-208,0.022062956,0.244455699
253-287,0.022021372,0.26647707
254-287,0.020665518,0.287142588
202-207,0.020657908,0.307800496
259-278,0.020434777,0.328235273
259-277,0.019530627,0.347765899
126-225,0.017464457,0.365230357
135-208,0.014806832,0.380037188
207-276,0.014489271,0.394526459
199-207,0.014457003,0.408983463
142-207,0.014271509,0.423254971
125-175,0.014111591,0.437366563
208-287,0.014069192,0.451435755
88-208,0.013950911,0.465386666
256-288,0.013945828,0.479332494
172-208,0.013676754,0.493009248
161-209,0.013621124,0.506630372
259-280,0.012839032,0.519469404
135-259,0.011809409,0.531278813
127-225,0.011309306,0.542588119
206-210,0.009980497,0.552568616
49-72,0.009166305,0.561734921
41-70,0.008215014,0.569949935
142-208,0.00786224,0.577812175
259-282,0.007846736,0.585658911
132-208,0.007645389,0.5933043
62-70,0.007507044,0.600811344
208-281,0.007434242,0.608245586
45-70,0.007152728,0.615398314
130-208,0.007064239,0.622462553
207-281,0.007016865,0.629479418
208-291,0.006764888,0.636244307
207-242,0.006723531,0.642967837
256-282,0.006675965,0.649643802
144-259,0.006606893,0.656250695
262-287,0.0064823,0.662732995
138-259,0.00643887,0.669171865
40-70,0.006432352,0.675604217
208-270,0.006412247,0.682016463
208-282,0.006406067,0.68842253
152-256,0.006359817,0.694782347
256-285,0.006332801,0.701115147
63-70,0.006331167,0.707446314
141-259,0.006329785,0.713776099
169-208,0.006221229,0.719997328
256-278,0.006144063,0.726141391
208-215,0.006115294,0.732256685
157-161,0.006090778,0.738347463
207-285,0.006076068,0.744423531
151-254,0.005944011,0.750367542
166-208,0.005886208,0.756253749
48-71,0.005745939,0.761999689
51-70,0.005719745,0.767719433
60-208,0.005468501,0.773187935
60-70,0.005419122,0.778607057
85-255,0.00536306,0.783970117
201-206,0.005224175,0.789194293
70-93,0.005168806,0.794363099
54-70,0.004951224,0.799314322
70-87,0.004088126,0.803402448
200-206,0.003960549,0.807362996
65-70,0.003735386,0.811098383
208-284,0.003450491,0.814548874
64-71,0.003335459,0.817884332
206-247,0.003328401,0.821212733
206-267,0.003322664,0.824535398
52-70,0.003168758,0.827704156
45-71,0.003097844,0.830802
50-70,0.003096251,0.833898252
70-103,0.003004925,0.836903177
70-172,0.002920607,0.839823784
42-70,0.002839446,0.84266323
206-232,0.002817369,0.845480599
48-70,0.002774653,0.848255252
73-155,0.002721315,0.850976567
206-238,0.002621255,0.853597821
59-70,0.002532926,0.856130748
253-288,0.002513088,0.858643835
206-249,0.002474309,0.861118144
203-206,0.002319598,0.863437742
197-206,0.002289595,0.865727337
39-70,0.002255362,0.867982699
208-260,0.002170853,0.870153552
206-228,0.002082222,0.872235774
44-71,0.002066694,0.874302468
206-250,0.002040003,0.876342471
70-155,0.002033703,0.878376174
175-251,0.002027652,0.880403826
69-72,0.001988766,0.882392593
48-72,0.001946062,0.884338655
70-104,0.001852269,0.886190924
129-208,0.001846394,0.888037318
37-155,0.001770951,0.889808269
70-161,0.001755556,0.891563824
202-208,0.001690519,0.893254343
206-241,0.001687914,0.894942257
155-266,0.00166669,0.896608947
69-155,0.001624988,0.898233935
46-66,0.001616557,0.899850492
206-229,0.001608393,0.901458885
44-70,0.001601481,0.903060366
145-154,0.001571394,0.90463176
173-208,0.001563294,0.906195054
50-71,0.00152602,0.907721074
129-225,0.001479475,0.909200549
133-208,0.001436633,0.910637182
70-175,0.001417615,0.912054797
161-210,0.001388704,0.913443501
259-281,0.001353479,0.914796979
70-170,0.001348914,0.916145894
70-137,0.001344639,0.917490532
70-167,0.001286839,0.918777372
85-259,0.001270134,0.920047505
206-234,0.001262952,0.921310457
175-259,0.001231751,0.922542208
206-233,0.001231668,0.923773876
58-70,0.001220111,0.924993987
153-254,0.001179567,0.926173555
130-225,0.001145388,0.927318942
202-206,0.00113729,0.928456233
43-70,0.001130389,0.929586622
151-160,0.001085854,0.930672475
206-243,0.00105314,0.931725615
127-251,0.001000591,0.932726206
70-90,0.000981912,0.933708118
132-251,0.000970681,0.934678799
259-285,0.000933213,0.935612012
139-256,0.000926072,0.936538084
175-177,0.000899668,0.937437753
225-289,0.000894616,0.938332368
96-155,0.000893387,0.939225755
160-205,0.000855238,0.940080993
125-208,0.00085297,0.940933964
141-161,0.000849582,0.941783546
208-216,0.000835818,0.942619364
206-211,0.000832778,0.943452142
206-239,0.00082254,0.944274682
70-162,0.000793924,0.945068607
70-281,0.000788341,0.945856948
70-91,0.000766754,0.946623702
70-221,0.000754252,0.947377954
151-253,0.000738225,0.948116179
153-274,0.000735083,0.948851262
206-237,0.000733891,0.949585153
70-112,0.000733464,0.950318617
42-206,0.000729004,0.95104762
46-206,0.000704799,0.951752419
106-161,0.000703971,0.95245639
44-72,0.000685086,0.953141476
57-161,0.000663199,0.953804675
153-261,0.000647036,0.954451711
223-264,0.000644964,0.955096675
59-161,0.000641875,0.95573855
109-206,0.000641704,0.956380253
95-155,0.000634015,0.957014269
54-161,0.000630864,0.957645132
111-205,0.000608619,0.958253752
70-101,0.000593162,0.958846914
138-206,0.000590346,0.959437259
70-107,0.000590075,0.960027334
32-155,0.000576266,0.9606036
208-292,0.000562906,0.961166506
120-225,0.000552916,0.961719422
70-136,0.000540023,0.962259445
253-280,0.000528932,0.962788377
87-208,0.000507482,0.963295859
155-264,0.000505998,0.963801857
206-236,0.000492101,0.964293958
70-139,0.000486775,0.964780733
49-206,0.000484904,0.965265637
40-206,0.00047366,0.965739296
73-262,0.000469297,0.966208594
206-242,0.000468366,0.96667696
76-197,0.00045684,0.9671338
256-283,0.000450024,0.967583824
127-290,0.000449479,0.968033302
61-70,0.000447606,0.968480909
36-70,0.000439923,0.968920831
150-161,0.000428223,0.969349054
155-259,0.000427538,0.969776593
62-155,0.0004269,0.970203493
153-212,0.000424656,0.970628149
149-206,0.000423518,0.971051668
70-127,0.000422811,0.971474478
128-251,0.000420675,0.971895154
107-206,0.000402369,0.972297523
93-155,0.000400297,0.97269782
208-222,0.000398755,0.973096575
48-155,0.000387859,0.973484433
153-262,0.000386332,0.973870765
93-207,0.000379603,0.974250368
153-284,0.000377746,0.974628114
112-153,0.000375167,0.97500328
73-250,0.000364797,0.975368077
145-256,0.000355268,0.975723345
65-72,0.000354113,0.976077458
131-253,0.000345289,0.976422747
177-208,0.00033554,0.976758286
147-199,0.000335233,0.97709352
136-154,0.000333671,0.977427191
251-292,0.00033162,0.977758811
153-260,0.000328843,0.978087654
73-173,0.000328555,0.978416208
77-155,0.000321959,0.978738167
136-153,0.000317154,0.979055322
208-279,0.00031557,0.979370892
70-109,0.00030991,0.979680802
70-224,0.000290342,0.979971144
43-206,0.000282718,0.980253862
135-153,0.000282347,0.980536209
37-70,0.000280261,0.98081647
131-208,0.000267268,0.981083738
33-155,0.00026266,0.981346398
206-274,0.000261168,0.981607566
208-276,0.00026062,0.981868187
153-220,0.00025808,0.982126267
241-248,0.000257776,0.982384043
153-259,0.000257762,0.982641804
155-213,0.000256869,0.982898673
34-155,0.000256733,0.983155406
261-292,0.000247493,0.983402899
131-255,0.000245948,0.983648847
47-86,0.000243101,0.983891948
35-155,0.000241686,0.984133634
155-198,0.000241674,0.984375308
150-248,0.000240965,0.984616273
206-240,0.000238199,0.984854472
155-205,0.000234258,0.98508873
71-81,0.000231781,0.985320511
168-208,0.000231145,0.985551656
53-70,0.000219798,0.985771454
140-207,0.000217715,0.985989169
128-208,0.000217415,0.986206585
201-207,0.000216048,0.986422633
127-153,0.000204206,0.986626838
208-264,0.000197158,0.986823996
121-287,0.000196534,0.987020531
70-121,0.000181637,0.987202167
51-155,0.000179484,0.987381651
128-223,0.000178976,0.987560628
52-71,0.000172432,0.98773306
142-177,0.000169199,0.987902259
255-292,0.000167034,0.988069293
156-206,0.000165952,0.988235246
109-208,0.000161315,0.98839656
204-263,0.000146509,0.988543069
76-133,0.000143799,0.988686869
77-90,0.000140048,0.988826917
175-220,0.000138294,0.98896521
251-288,0.000137568,0.989102778
135-206,0.000135701,0.989238479
152-207,0.000134014,0.989372493
256-277,0.000127179,0.989499672
59-208,0.000125634,0.989625306
150-251,0.000124207,0.989749512
118-206,0.000119647,0.98986916
50-203,0.000118332,0.989987492
158-251,0.000116865,0.990104357
147-161,0.000116264,0.990220621
36-155,0.000115186,0.990335807
153-286,0.000111583,0.99044739
140-204,0.000110651,0.99055804
112-137,0.000109689,0.99066773
44-203,0.000105759,0.990773488
137-161,0.0001042,0.990877689
44-73,0.000103318,0.990981006
129-254,9.99E-05,0.991080954
70-255,9.92E-05,0.991180142
151-206,9.90E-05,0.991279103
134-154,9.86E-05,0.991377717
38-70,9.81E-05,0.991475827
68-155,9.47E-05,0.99157057
71-90,9.38E-05,0.991664345
66-127,9.36E-05,0.991757918
138-153,9.10E-05,0.991848899
169-225,9.10E-05,0.991939872
59-71,9.05E-05,0.992030403
70-133,8.57E-05,0.992116124
151-251,8.33E-05,0.992199451
144-161,8.21E-05,0.992281559
155-215,8.01E-05,0.99236169
63-203,7.93E-05,0.992440986
50-155,7.90E-05,0.992519972
78-145,7.84E-05,0.992598391
171-208,7.64E-05,0.992674759
54-71,7.59E-05,0.992750659
142-259,7.50E-05,0.992825659
70-291,7.50E-05,0.992900655
73-138,7.45E-05,0.992975147
206-248,7.38E-05,0.993048986
138-177,7.37E-05,0.993122725
152-251,7.30E-05,0.993195724
70-220,7.17E-05,0.993267417
70-171,7.12E-05,0.993338644
80-206,6.99E-05,0.993408575
63-155,6.83E-05,0.993476853
137-208,6.81E-05,0.993544915
70-263,6.80E-05,0.993612901
52-116,6.74E-05,0.993680325
144-198,6.65E-05,0.993746815
125-153,6.62E-05,0.993813021
46-155,6.48E-05,0.993877803
61-155,6.45E-05,0.993942269
207-238,6.23E-05,0.994004533
50-206,6.12E-05,0.994065716
197-208,6.07E-05,0.99412643
151-175,6.06E-05,0.994187073
70-203,6.03E-05,0.994247346
47-82,5.96E-05,0.994306907
70-223,5.86E-05,0.994365485
131-249,5.79E-05,0.994423338
264-287,5.74E-05,0.994480775
71-160,5.66E-05,0.994537333
206-244,5.62E-05,0.994593552
70-292,5.61E-05,0.994649605
113-177,5.60E-05,0.994705584
53-161,5.58E-05,0.994761377
254-291,5.54E-05,0.994816775
131-153,5.32E-05,0.994869952
254-282,5.31E-05,0.994923058
90-154,5.30E-05,0.994976045
136-208,5.27E-05,0.995028705
146-208,5.20E-05,0.995080688
64-177,5.20E-05,0.995132655
151-262,5.12E-05,0.995183829
215-256,5.08E-05,0.995234654
144-207,5.01E-05,0.995284709
44-78,4.97E-05,0.995334376
43-84,4.91E-05,0.99538344
69-239,4.91E-05,0.995432502
35-203,4.88E-05,0.995481346
160-175,4.83E-05,0.995529674
70-212,4.74E-05,0.9955771
166-223,4.70E-05,0.995624109
70-99,4.56E-05,0.995669711
47-155,4.50E-05,0.995714733
49-71,4.47E-05,0.995759399
49-237,4.46E-05,0.995803951
148-240,4.45E-05,0.9958485
76-153,4.41E-05,0.995892645
69-99,4.15E-05,0.995934185
251-283,4.15E-05,0.995975726
149-201,4.13E-05,0.996017053
206-291,4.09E-05,0.996057983
89-259,4.01E-05,0.99609807
149-251,3.98E-05,0.996137913
166-254,3.95E-05,0.996177376
70-128,3.86E-05,0.996215961
137-206,3.80E-05,0.996253982
141-153,3.80E-05,0.996291998
84-161,3.79E-05,0.996329891
70-177,3.79E-05,0.996367757
69-287,3.78E-05,0.996405536
142-253,3.77E-05,0.996443232
123-204,3.71E-05,0.996480377
166-292,3.66E-05,0.996516966
70-290,3.66E-05,0.996553542
80-110,3.61E-05,0.996589677
88-256,3.59E-05,0.996625595
254-280,3.56E-05,0.996661181
149-212,3.48E-05,0.996696004
44-74,3.45E-05,0.996730486
254-292,3.38E-05,0.996764275
66-155,3.28E-05,0.996797075
83-224,3.27E-05,0.996829816
133-204,3.23E-05,0.996862074
135-254,3.14E-05,0.996893505
93-208,3.14E-05,0.996924935
72-151,3.13E-05,0.996956284
175-222,3.04E-05,0.996986725
122-251,3.03E-05,0.997017056
208-263,3.00E-05,0.997047069
208-256,3.00E-05,0.997077081
47-85,3.00E-05,0.997107034
46-219,2.99E-05,0.997136896
70-131,2.98E-05,0.997166696
42-155,2.97E-05,0.997196394
208-258,2.97E-05,0.99722606
206-230,2.90E-05,0.997255085
267-290,2.89E-05,0.997283995
145-260,2.89E-05,0.99731285
84-103,2.81E-05,0.997340936
66-71,2.74E-05,0.997368307
130-154,2.73E-05,0.997395578
85-254,2.71E-05,0.99742271
207-243,2.64E-05,0.997449134
41-84,2.63E-05,0.997475419
100-122,2.62E-05,0.997501611
255-288,2.62E-05,0.997527762
128-231,2.54E-05,0.997553159
251-278,2.54E-05,0.997578531
173-203,2.50E-05,0.997603502
174-208,2.48E-05,0.997628323
76-122,2.45E-05,0.997652815
123-200,2.40E-05,0.9976768
120-287,2.35E-05,0.997700274
254-279,2.33E-05,0.997723579
40-71,2.29E-05,0.997746438
67-206,2.28E-05,0.997769279
70-164,2.28E-05,0.997792112
70-272,2.28E-05,0.997814943
151-155,2.28E-05,0.997837773
274-287,2.28E-05,0.997860601
145-248,2.28E-05,0.997883428
213-233,2.28E-05,0.997906255
44-207,2.28E-05,0.997929068
113-175,2.28E-05,0.997951873
60-204,2.28E-05,0.997974672
92-213,2.28E-05,0.997997468
153-280,2.28E-05,0.998020255
201-208,2.28E-05,0.998043025
44-167,2.28E-05,0.99806579
86-207,2.27E-05,0.998088539
155-211,2.22E-05,0.99811069
155-202,2.15E-05,0.998132156
70-114,2.14E-05,0.998153585
78-207,2.10E-05,0.998174614
42-200,2.10E-05,0.998195618
133-233,2.10E-05,0.998216571
70-146,2.08E-05,0.998237383
85-257,2.05E-05,0.998257842
60-159,2.04E-05,0.998278287
76-291,2.03E-05,0.998298605
153-288,2.03E-05,0.998318909
254-288,2.03E-05,0.998339184
70-134,1.99E-05,0.998359061
77-134,1.94E-05,0.998378492
151-233,1.86E-05,0.998397073
161-265,1.83E-05,0.998415411
144-251,1.73E-05,0.998432702
114-288,1.71E-05,0.998449816
135-177,1.66E-05,0.998466457
145-204,1.61E-05,0.998482579
164-208,1.61E-05,0.998498697
151-211,1.56E-05,0.998514329
207-233,1.55E-05,0.998529857
153-258,1.52E-05,0.998545092
155-176,1.52E-05,0.998560324
70-118,1.52E-05,0.998575553
56-70,1.52E-05,0.998590781
253-291,1.52E-05,0.998606008
213-290,1.52E-05,0.998621235
144-256,1.52E-05,0.998636461
153-282,1.52E-05,0.998651687
143-254,1.52E-05,0.998666912
144-254,1.52E-05,0.998682131
42-233,1.52E-05,0.998697337
165-205,1.52E-05,0.99871254
70-94,1.52E-05,0.99872769
161-205,1.51E-05,0.99874283
66-90,1.51E-05,0.998757965
40-208,1.51E-05,0.998773096
208-278,1.51E-05,0.998788223
85-256,1.51E-05,0.998803342
161-273,1.51E-05,0.998818441
44-169,1.51E-05,0.998833536
74-132,1.51E-05,0.998848621
69-214,1.49E-05,0.99886354
70-144,1.49E-05,0.99887841
139-153,1.48E-05,0.998893253
69-76,1.48E-05,0.998908063
106-155,1.47E-05,0.9989228
70-243,1.46E-05,0.998937376
134-251,1.46E-05,0.998951952
76-130,1.46E-05,0.998966526
71-175,1.44E-05,0.998980946
77-130,1.44E-05,0.998995338
70-72,1.44E-05,0.999009706
69-257,1.43E-05,0.999023992
96-251,1.40E-05,0.99903796
250-258,1.39E-05,0.999051874
47-275,1.33E-05,0.999065211
113-132,1.33E-05,0.99907851
69-270,1.31E-05,0.999091572
61-208,1.31E-05,0.999104634
251-277,1.31E-05,0.999117695
76-255,1.29E-05,0.999130596
124-205,1.29E-05,0.99914349
70-279,1.27E-05,0.999156186
52-243,1.27E-05,0.999168866
70-219,1.27E-05,0.999181534
198-208,1.25E-05,0.999194001
90-197,1.19E-05,0.999205861
208-261,1.19E-05,0.999217718
67-88,1.19E-05,0.99922957
72-166,1.14E-05,0.999240999
151-257,1.13E-05,0.999252324
205-279,1.09E-05,0.99926321
256-292,1.09E-05,0.999274095
145-259,1.01E-05,0.999284231
113-151,1.00E-05,0.999294231
223-261,9.91E-06,0.999304138
93-175,9.87E-06,0.99931401
136-207,9.45E-06,0.999323459
125-174,9.44E-06,0.9993329
137-233,9.21E-06,0.999342111
38-229,9.18E-06,0.999351288
154-225,9.15E-06,0.999360437
150-255,9.15E-06,0.999369584
241-282,8.40E-06,0.999377981
153-205,8.00E-06,0.999385982
140-256,7.96E-06,0.999393946
147-254,7.84E-06,0.999401783
70-246,7.62E-06,0.999409404
79-254,7.62E-06,0.999417024
153-165,7.62E-06,0.999424644
69-101,7.62E-06,0.999432263
79-211,7.62E-06,0.999439881
153-172,7.62E-06,0.999447498
114-210,7.62E-06,0.999455115
77-223,7.62E-06,0.999462732
153-277,7.62E-06,0.999470348
204-219,7.62E-06,0.999477964
94-208,7.62E-06,0.99948558
106-232,7.61E-06,0.999493192
127-249,7.61E-06,0.999500801
150-256,7.60E-06,0.999508405
248-260,7.60E-06,0.999516008
233-252,7.60E-06,0.999523609
53-72,7.60E-06,0.999531207
153-269,7.58E-06,0.999538787
86-251,7.57E-06,0.99954636
67-79,7.57E-06,0.999553927
45-47,7.55E-06,0.999561479
205-276,7.55E-06,0.999569026
146-286,7.53E-06,0.999576557
110-146,7.52E-06,0.999584078
170-251,7.52E-06,0.999591598
47-54,7.52E-06,0.999599114
62-203,7.50E-06,0.999606614
52-72,7.49E-06,0.999614104
144-214,7.48E-06,0.99962158
102-277,7.44E-06,0.999629017
59-287,7.41E-06,0.999636426
70-108,7.41E-06,0.999643834
71-233,7.40E-06,0.999651234
43-110,7.39E-06,0.999658622
44-67,7.36E-06,0.999665979
244-292,7.33E-06,0.999673308
143-207,7.31E-06,0.999680614
129-232,7.26E-06,0.99968787
71-88,7.22E-06,0.999695089
66-115,7.22E-06,0.999702308
83-223,7.20E-06,0.999709511
146-153,7.20E-06,0.999716707
177-258,7.17E-06,0.999723878
81-152,7.11E-06,0.99973099
70-160,7.11E-06,0.999738101
52-197,7.11E-06,0.999745213
74-259,7.08E-06,0.999752293
220-290,7.08E-06,0.999759368
155-217,7.04E-06,0.999766406
70-249,6.93E-06,0.999773333
145-268,6.93E-06,0.999780259
75-159,6.93E-06,0.999787186
233-272,6.86E-06,0.999794047
31-72,6.86E-06,0.999800905
124-206,6.78E-06,0.99980768
136-206,6.77E-06,0.999814453
208-211,6.74E-06,0.999821194
151-242,6.67E-06,0.999827863
208-262,6.53E-06,0.999834395
102-288,6.53E-06,0.999840926
153-218,6.53E-06,0.999847457
87-254,6.36E-06,0.999853815
157-203,6.35E-06,0.999860167
44-237,6.35E-06,0.999866517
208-252,6.35E-06,0.999872867
70-78,6.10E-06,0.999878965
48-251,6.10E-06,0.999885062
71-262,6.10E-06,0.99989116
226-290,6.10E-06,0.999897257
142-205,6.10E-06,0.999903354
41-208,6.10E-06,0.999909449
161-255,5.72E-06,0.999915169
76-215,5.72E-06,0.999920886
97-243,5.72E-06,0.999926603
70-254,5.72E-06,0.999932319
68-125,5.71E-06,0.999938034
68-74,5.71E-06,0.999943748
82-197,5.08E-06,0.99994883
67-83,5.08E-06,0.99995391
60-155,5.08E-06,0.999958989
131-216,5.08E-06,0.999964069
222-236,4.33E-06,0.999968395
62-250,3.81E-06,0.999972205
49-168,3.81E-06,0.999976015
113-136,3.81E-06,0.999979824
253-285,2.74E-06,0.999982568
145-207,2.53E-06,0.999985099
255-284,2.47E-06,0.999987569
162-256,2.26E-06,0.999989827
145-254,1.90E-06,0.999991729
89-208,1.85E-06,0.999993583
212-233,1.51E-06,0.999995091
158-264,1.27E-06,0.999996358
212-259,1.25E-06,0.999997608
75-207,9.33E-07,0.999998541
64-203,4.20E-07,0.999998961
40-268,4.20E-07,0.999999381
253-270,3.59E-07,0.99999974
71-89,2.60E-07,1
47-83,0,1
70-285,0,1
146-256,0,1
66-253,0,1
72-276,0,1
204-208,0,1
163-230,0,1
151-231,0,1
256-289,0,1
54-206,0,1
99-129,0,1
253-276,0,1
82-91,0,1
75-230,0,1
143-154,0,1
60-202,0,1
69-126,0,1
154-161,0,1
66-251,0,1
225-284,0,1
214-241,0,1
108-255,0,1
161-211,0,1
79-269,0,1
47-55,0,1
70-92,0,1
71-170,0,1
153-215,0,1
71-292,0,1
88-251,0,1
53-200,0,1
70-230,0,1
152-255,0,1
208-247,0,1
177-251,0,1
115-208,0,1
41-173,0,1
114-124,0,1
89-207,0,1
97-197,0,1
133-211,0,1
139-257,0,1
116-291,0,1
69-264,0,1
48-217,0,1
69-212,0,1
76-199,0,1
65-155,0,1
150-259,0,1
122-248,0,1
103-292,0,1
68-70,0,1
86-160,0,1
42-159,0,1
81-155,0,1
37-198,0,1
272-287,0,1
64-72,0,1
265-287,0,1
70-262,0,1
250-252,0,1
125-259,0,1
81-204,0,1
142-254,0,1
30-128,0,1
69-276,0,1
208-275,0,1
209-259,0,1
159-242,0,1
122-204,0,1
108-199,0,1
207-274,0,1
99-230,0,1
137-210,0,1
95-111,0,1
61-102,0,1
224-291,0,1
116-271,0,1
58-66,0,1
66-241,0,1
122-270,0,1
48-128,0,1
155-220,0,1
142-256,0,1
114-280,0,1
105-259,0,1
53-208,0,1
141-254,0,1
122-244,0,1
92-232,0,1
84-139,0,1
65-255,0,1
159-208,0,1
208-220,0,1
112-175,0,1
173-218,0,1
48-255,0,1
254-281,0,1
159-247,0,1
71-94,0,1
152-268,0,1
135-256,0,1
108-205,0,1
53-285,0,1
233-270,0,1
59-231,0,1
150-246,0,1
66-83,0,1
171-236,0,1
64-129,0,1
138-255,0,1
97-201,0,1
123-241,0,1
231-291,0,1
145-274,0,1
121-219,0,1
209-253,0,1
66-258,0,1
31-203,0,1
127-221,0,1
73-197,0,1
153-161,0,1
70-135,0,1
68-76,0,1
76-145,0,1
134-150,0,1
70-226,0,1
62-208,0,1
41-126,0,1
70-217,0,1
154-291,0,1
71-82,0,1
125-276,0,1
92-240,0,1
130-210,0,1
106-111,0,1
40-202,0,1
91-113,0,1
259-275,0,1
62-252,0,1
66-125,0,1
160-270,0,1
66-142,0,1
69-206,0,1
83-217,0,1
164-205,0,1
84-133,0,1
50-288,0,1
205-227,0,1
48-220,0,1
152-258,0,1
155-273,0,1
161-259,0,1
154-261,0,1
96-258,0,1
81-151,0,1
86-228,0,1
70-283,0,1
89-153,0,1
44-129,0,1
37-161,0,1
46-177,0,1
142-200,0,1
175-261,0,1
109-251,0,1
74-241,0,1
149-269,0,1
208-290,0,1
138-161,0,1
129-287,0,1
41-83,0,1
43-205,0,1
207-241,0,1
79-154,0,1
79-114,0,1
70-227,0,1
79-160,0,1
162-251,0,1
70-199,0,1
70-117,0,1
123-260,0,1
71-171,0,1
287-292,0,1
70-130,0,1
47-67,0,1
208-289,0,1
200-205,0,1
124-175,0,1
70-157,0,1
111-197,0,1
48-117,0,1
32-236,0,1
121-205,0,1
72-212,0,1
31-69,0,1
69-274,0,1
164-210,0,1
145-209,0,1
127-287,0,1
210-254,0,1
141-154,0,1
162-165,0,1
74-144,0,1
147-198,0,1
33-177,0,1
81-259,0,1
204-267,0,1
210-248,0,1
47-53,0,1
43-261,0,1
153-160,0,1
141-207,0,1
80-266,0,1
70-257,0,1
205-235,0,1
154-207,0,1
221-251,0,1
35-71,0,1
80-175,0,1
69-85,0,1
69-277,0,1
76-249,0,1
203-248,0,1
201-214,0,1
70-126,0,1
207-245,0,1
251-284,0,1
224-233,0,1
125-155,0,1
49-208,0,1
131-275,0,1
206-265,0,1
113-208,0,1
104-206,0,1
42-110,0,1
70-268,0,1
68-260,0,1
208-271,0,1
138-145,0,1
77-200,0,1
123-213,0,1
76-216,0,1
47-94,0,1
77-115,0,1
76-89,0,1
207-254,0,1
161-282,0,1
197-291,0,1
71-172,0,1
149-243,0,1
55-71,0,1
73-291,0,1
71-174,0,1
147-251,0,1
163-208,0,1
70-98,0,1
175-205,0,1
71-86,0,1
256-280,0,1
177-212,0,1
172-251,0,1
71-99,0,1
224-290,0,1
69-273,0,1
70-86,0,1
69-262,0,1
121-247,0,1
70-277,0,1
42-197,0,1
70-125,0,1
73-246,0,1
166-202,0,1
209-287,0,1
42-235,0,1
155-257,0,1
33-289,0,1
90-248,0,1
142-161,0,1
76-213,0,1
165-239,0,1
47-68,0,1
88-207,0,1
76-281,0,1
155-222,0,1
203-239,0,1
166-205,0,1
167-207,0,1
87-207,0,1
171-175,0,1
110-201,0,1
44-79,0,1
105-207,0,1
70-96,0,1
251-289,0,1
115-175,0,1
208-269,0,1
70-132,0,1
75-264,0,1
208-226,0,1
70-211,0,1
91-252,0,1
122-252,0,1
36-205,0,1
72-113,0,1
43-79,0,1
70-165,0,1
70-120,0,1
126-235,0,1
176-199,0,1
77-129,0,1
62-122,0,1
98-205,0,1
70-276,0,1
49-167,0,1
124-289,0,1
256-276,0,1
95-201,0,1
46-234,0,1
70-222,0,1
70-250,0,1
207-224,0,1
76-250,0,1
69-250,0,1
177-285,0,1
67-78,0,1
71-95,0,1
71-284,0,1
71-85,0,1
206-217,0,1
158-224,0,1
204-211,0,1
44-155,0,1
153-225,0,1
67-73,0,1
76-170,0,1
131-225,0,1
70-252,0,1
205-264,0,1
208-235,0,1
108-251,0,1
96-177,0,1
66-72,0,1
106-223,0,1
155-275,0,1
116-201,0,1
161-227,0,1
138-256,0,1
66-147,0,1
47-74,0,1
35-70,0,1
68-73,0,1
62-72,0,1
77-136,0,1
206-231,0,1
50-68,0,1
134-175,0,1
91-208,0,1
66-174,0,1
60-203,0,1
127-233,0,1
155-212,0,1
79-210,0,1
114-205,0,1
155-209,0,1
73-104,0,1
206-216,0,1
70-105,0,1
157-291,0,1
155-224,0,1
151-219,0,1
206-278,0,1
66-80,0,1
60-250,0,1
