,MI Scores
189-217,0.5938449502921515
189-231,0.5378920522749606
207-278,0.5351797101960178
189-248,0.526548662646753
189-255,0.5261810080179665
190-267,0.5234762596958278
191-206,0.5183498189912223
191-232,0.5179260607886285
189-221,0.5140682614264678
189-233,0.5055736488695075
197-207,0.4900834043706941
139-208,0.48660128468076813
138-208,0.4864843485322652
191-233,0.47484470875448004
189-242,0.46962374528740214
208-281,0.4590939604884172
189-238,0.4573733031376084
208-278,0.4534372028014282
134-208,0.4499956936735323
131-206,0.44862773207880347
189-256,0.4456334813112337
105-183,0.4445577599727768
254-287,0.4320884575446935
190-241,0.4269458151817558
142-184,0.42658533017139777
173-184,0.4255856431891505
64-185,0.42532292234712776
253-285,0.4224860531365433
151-259,0.42240893307581895
171-208,0.41969266188696297
256-285,0.4194566134723521
186-216,0.41640887179845043
189-258,0.4158166108508674
141-184,0.415815624944164
162-190,0.4149170957479147
208-269,0.4130304422661528
89-184,0.4128294982435423
153-284,0.41082201854216294
96-191,0.4060973430579162
127-206,0.4057179383233711
54-208,0.40488395012888945
162-208,0.4047093599197582
60-190,0.40397052876822936
198-207,0.40112131017951347
190-228,0.4002620559571459
208-211,0.40023009037513524
208-279,0.39918276615627457
191-229,0.3984134709764784
191-260,0.3974198829695623
253-283,0.3954632383739711
112-175,0.39539785926840065
161-211,0.39087546937138473
161-190,0.390810153076103
191-222,0.3903879033774227
116-189,0.38879668206547624
50-191,0.3885225308075009
189-269,0.38809287615453325
140-259,0.3873798928484502
39-190,0.3853171035501479
64-191,0.38381537851622194
153-275,0.383255944348148
184-287,0.3812494609837065
175-251,0.3808352713219796
142-153,0.3768391349281326
147-184,0.3739835969844987
31-183,0.3722689090591671
158-191,0.3722437627184809
175-257,0.3721023817448754
208-226,0.37131763567232867
32-185,0.3703195722611692
32-190,0.3693079345218482
94-190,0.3690323913749083
173-183,0.36355269436293436
105-191,0.3630367334210598
143-187,0.3611569095227729
123-208,0.3598465893521776
184-280,0.35925566290872424
57-191,0.3591298569109975
136-153,0.35684098506673734
145-154,0.35651564834135185
52-191,0.3561708963146557
132-184,0.3526396962597309
184-291,0.34940677474738435
30-191,0.34894844848609363
189-198,0.348828970340034
175-220,0.34874459243292844
175-252,0.3482240723593144
184-216,0.3458448186385199
174-191,0.3448714397360413
206-230,0.34415562791019894
153-181,0.34270441600504253
255-287,0.3419025000418998
62-186,0.33947949186003656
191-238,0.3392047720715099
186-244,0.3387810602587362
102-190,0.33483825507540876
186-198,0.33471838713428426
42-206,0.33371222979378934
111-206,0.332515517490116
61-206,0.3324640664672829
145-185,0.33101099261547473
208-266,0.32679620150177446
184-258,0.3201487838599324
132-253,0.318164598783105
186-245,0.3173329393952491
44-191,0.3158165043558976
157-183,0.31306476168804576
206-233,0.31037286578399437
142-177,0.30844729873209475
87-183,0.30744728228345974
257-292,0.3064457017577573
41-206,0.3049250830550123
112-180,0.3043164210164053
186-202,0.30027283233495217
92-182,0.29839772123844477
38-206,0.2980630991146227
92-155,0.29234605050765117
55-189,0.290942437403616
110-180,0.2907406056156119
39-155,0.2898452061928032
183-219,0.2852657620661532
76-176,0.28431058448650215
191-243,0.28373635957458165
47-206,0.28256804015797776
144-199,0.2823063409289155
187-278,0.27944594093254493
134-175,0.27736701845293865
153-252,0.2749618301552248
127-254,0.27405490264651977
84-197,0.27286771292102396
78-197,0.26667070383698865
183-211,0.26606120590658766
52-189,0.2639530398325376
112-153,0.26380771452296203
180-208,0.26223131490721197
191-262,0.2618725741575274
161-182,0.2603169087025785
154-171,0.25655793033463237
157-187,0.24690773362426266
173-182,0.24531474746723436
39-189,0.24514958391881203
70-254,0.24458678201270412
154-190,0.2419776240184841
203-206,0.23227196576816556
80-162,0.23059637668359145
132-189,0.2271583535649213
81-186,0.2262262920237843
44-187,0.22610937340011028
66-117,0.22501496691630662
80-198,0.22399257344494616
206-237,0.22349384502143255
175-287,0.22273228388289823
193-202,0.21988218884638355
132-192,0.21531902014109838
121-193,0.21446984293467408
180-277,0.21225246012924504
70-91,0.21172630299480488
191-291,0.21062126569060524
169-292,0.20726111508822997
136-182,0.20532214593205356
86-189,0.20415204531281073
82-183,0.20401197257539372
206-245,0.20343554449160783
70-260,0.19932039716625916
39-178,0.19754617696066412
191-209,0.1971320250404469
82-189,0.19213510827537328
154-219,0.19202187000531534
89-182,0.19039244036941994
70-120,0.19037275650615215
192-253,0.19037067673534902
192-255,0.1896161120685853
151-189,0.18138165783869908
78-236,0.1754813206174568
77-176,0.17536803824556602
107-187,0.1741499889683331
127-240,0.1652498937121829
70-128,0.16493629849678437
186-207,0.1636347532712732
38-180,0.16285893000469098
195-231,0.1606702925789485
70-140,0.15587513936924458
75-182,0.15566190357256549
111-187,0.15281748430780895
106-156,0.14614385615877712
128-192,0.14452272145832512
193-210,0.14320140069997622
196-260,0.13992544174859867
131-182,0.13919401266370635
51-70,0.13235154243728497
192-261,0.13124847606255186
41-72,0.11419601280261271
30-182,0.10770560777066285
136-188,0.10516192612875641
69-162,0.10386531664003007
50-71,0.09671734858244663
132-234,0.09049306639353527
116-182,0.07604497735291282
157-236,0.0737434011622573
69-96,0.07075162959973169
145-153,0.06269263363049449
169-241,0.05745267703910728
74-210,0.026474894869157772
