,Features,Importance,Cumulative
0,132-234,0.00432209666648788,0.00432209666648788
1,121-193,0.003933376133503042,0.00825547279999092
2,30-182,0.0037361843996387093,0.01199165719962963
3,173-182,0.003576739847946389,0.015568397047576019
4,139-208,0.003249219626843769,0.018817616674419786
5,143-187,0.003228208848082334,0.02204582552250212
6,189-221,0.0030207256416158674,0.025066551164117986
7,189-269,0.002953239729167578,0.028019790893285563
8,193-210,0.0029502528219214554,0.030970043715207018
9,62-186,0.0029219606145906396,0.03389200432979766
10,191-262,0.002885743360565661,0.03677774769036332
11,39-178,0.0028250586934189174,0.03960280638378224
12,69-96,0.0028135571960281503,0.04241636357981039
13,206-245,0.00277637792961217,0.04519274150942256
14,186-245,0.002769138039296017,0.047961879548718576
15,186-216,0.002761604906337205,0.050723484455055784
16,142-177,0.0027565296968801523,0.053480014151935935
17,77-176,0.0027332546719296136,0.05621326882386555
18,192-261,0.0027177409250515746,0.05893100974891712
19,80-198,0.002717197274252302,0.06164820702316942
20,64-185,0.002680893047932479,0.0643291000711019
21,69-162,0.002587811634247917,0.06691691170534982
22,189-198,0.002573112519529478,0.0694900242248793
23,147-184,0.0025638613875378193,0.07205388561241712
24,180-277,0.0025320983643200906,0.0745859839767372
25,184-291,0.0025167094235610922,0.0771026934002983
26,60-190,0.002480416618875176,0.07958311001917347
27,30-191,0.0024503729596934767,0.08203348297886695
28,112-180,0.0024370134371464124,0.08447049641601337
29,41-206,0.0024326438589175247,0.08690314027493089
30,149-195,0.002410547093868601,0.0893136873687995
31,206-230,0.00240050125384454,0.09171418862264404
32,189-223,0.0023940328407423246,0.09410822146338636
33,184-287,0.002390611909596256,0.09649883337298262
34,189-200,0.0023820733144772213,0.09888090668745984
35,78-236,0.0023781552672193828,0.10125906195467922
36,132-189,0.002372016178896241,0.10363107813357546
37,76-176,0.0023610682405156604,0.10599214637409111
38,175-252,0.0023313792133593646,0.10832352558745048
39,160-195,0.002325303637298818,0.11064882922474929
40,132-208,0.002311979416507598,0.11296080864125689
41,89-190,0.0022564663809955436,0.11521727502225243
42,52-189,0.002251959163788923,0.11746923418604135
43,175-220,0.0022380460407517644,0.11970728022679313
44,186-247,0.0022283972384295587,0.12193567746522269
45,67-191,0.002202313440342907,0.1241379909055656
46,121-185,0.0022001257234159116,0.1263381166289815
47,196-260,0.00219792893477355,0.12853604556375506
48,123-208,0.0021751288935665802,0.13071117445732164
49,41-180,0.002172167533920866,0.1328833419912425
50,110-208,0.0021717036242722694,0.13505504561551476
51,145-271,0.002171249646503725,0.1372262952620185
52,35-190,0.0021700593439238918,0.13939635460594238
53,141-184,0.002161035851442389,0.14155739045738477
54,186-219,0.002160944623381118,0.1437183350807659
55,131-256,0.002116959754265787,0.1458352948350317
56,116-193,0.0021147205189724337,0.14795001535400412
57,208-262,0.002113154374063482,0.1500631697280676
58,127-183,0.0021100044352050625,0.15217317416327267
59,40-187,0.0021028448121442676,0.15427601897541693
60,50-178,0.002101032879578781,0.1563770518549957
61,190-238,0.002094493385551496,0.15847154524054718
62,70-253,0.002085313745313568,0.16055685898586075
63,158-194,0.002081800616410956,0.1626386596022717
64,70-130,0.0020815082234810437,0.16472016782575274
65,189-220,0.002080073660671425,0.16680024148642417
66,186-220,0.0020768619903810304,0.1688771034768052
67,186-207,0.0020643386099996096,0.1709414420868048
68,145-274,0.0020588820701000405,0.17300032415690486
69,39-206,0.0020546798151871177,0.17505500397209198
70,185-264,0.0020522215830533794,0.17710722555514535
71,62-191,0.0020371646519698338,0.1791443902071152
72,189-233,0.0020320442184959915,0.18117643442561118
73,188-200,0.0020293161447707967,0.183205750570382
74,131-189,0.00202823705087526,0.18523398762125726
75,93-175,0.002023220713599073,0.18725720833485632
76,96-190,0.0020198360494796007,0.18927704438433593
77,161-182,0.002017154784287364,0.19129419916862328
78,74-212,0.0020119711523206934,0.19330617032094397
79,87-183,0.002011109095599991,0.19531727941654395
80,173-183,0.0020094191064541746,0.1973266985229981
81,206-216,0.0019963735760708157,0.19932307209906894
82,137-206,0.001995333207020319,0.20131840530608924
83,61-183,0.0019951993210647547,0.203313604627154
84,38-180,0.001995097622278651,0.20530870224943265
85,107-187,0.0019916638865183833,0.20730036613595104
86,45-191,0.0019897631423004877,0.20929012927825152
87,155-238,0.001984752249381014,0.21127488152763255
88,192-223,0.001973150804010198,0.21324803233164275
89,66-160,0.001962405824735986,0.21521043815637872
90,208-225,0.001961547355204719,0.21717198551158343
91,114-206,0.001958485234824133,0.21913047074640757
92,193-271,0.0019551774049868563,0.22108564815139442
93,42-182,0.0019504462073487053,0.22303609435874314
94,155-188,0.0019494512726176548,0.22498554563136078
95,102-185,0.0019403439888578422,0.22692588962021862
96,175-216,0.0019384122676912117,0.22886430188790982
97,139-191,0.001938158353792089,0.23080246024170192
98,208-270,0.0019218149451239847,0.2327242751868259
99,159-175,0.0019083564604789338,0.23463263164730483
100,36-185,0.0019080942778780502,0.23654072592518288
101,80-129,0.001906569409636046,0.23844729533481893
102,187-241,0.0018751602303206175,0.24032245556513954
103,69-71,0.0018728387101441314,0.24219529427528366
104,76-177,0.0018700600954954802,0.24406535437077914
105,115-240,0.0018693002735998992,0.24593465464437905
106,69-266,0.0018536604158857898,0.24778831506026483
107,189-232,0.0018501905558177016,0.24963850561608253
108,151-251,0.0018469875952878364,0.25148549321137037
109,186-248,0.0018444975716884065,0.2533299907830588
110,35-191,0.0018435484841938066,0.2551735392672526
111,106-156,0.0018432516310339115,0.25701679089828655
112,38-186,0.0018369226535942084,0.25885371355188075
113,69-261,0.0018338974050541796,0.26068761095693493
114,97-189,0.001832615242582901,0.2625202261995178
115,39-190,0.0018302644357672258,0.26435049063528504
116,77-155,0.0018246043394576303,0.2661750949747427
117,208-215,0.0018142492917321384,0.2679893442664748
118,46-206,0.0018130496198840323,0.26980239388635885
119,48-186,0.0018070847096575706,0.2716094785960164
120,37-191,0.0018068529221519345,0.27341633151816835
121,175-223,0.0018048538372207195,0.2752211853553891
122,186-242,0.001801680185047258,0.27702286554043637
123,129-181,0.001784746530201639,0.27880761207063803
124,187-199,0.0017838697992186587,0.2805914818698567
125,128-225,0.001782666797663745,0.2823741486675205
126,38-185,0.001774639510249037,0.2841487881777695
127,70-93,0.0017669405732335828,0.2859157287510031
128,69-210,0.0017663611106163407,0.2876820898616194
129,37-186,0.0017659000891012077,0.28944798995072063
130,174-186,0.0017652533638732773,0.2912132433145939
131,208-226,0.0017554510766619048,0.29296869439125584
132,50-182,0.0017550079381477943,0.29472370232940365
133,85-251,0.0017384073179974393,0.2964621096474011
134,69-247,0.0017289796274233768,0.29819108927482446
135,45-69,0.0017276717899297098,0.2999187610647542
136,62-125,0.0017197956683752335,0.3016385567331294
137,184-211,0.0017078693212635287,0.30334642605439294
138,132-253,0.0017062980098304674,0.3050527240642234
139,191-263,0.0017058630123524682,0.3067585870765759
140,117-191,0.001704452101999486,0.30846303917857537
141,70-161,0.0016995758432496988,0.31016261502182507
142,192-291,0.0016909574236224185,0.3118535724454475
143,123-180,0.001690927198957179,0.3135444996444047
144,29-189,0.0016900224560640476,0.3152345221004687
145,174-182,0.0016855514618523315,0.31692007356232105
146,55-70,0.0016827369379029443,0.318602810500224
147,59-182,0.0016804198086917313,0.3202832303089157
148,189-231,0.0016768487099531027,0.3219600790188688
149,37-187,0.0016730772286285606,0.3236331562474974
150,190-235,0.0016719562298540052,0.3253051124773514
151,127-254,0.0016678855350137683,0.3269729980123652
152,179-234,0.0016625084739238171,0.328635506486289
153,50-177,0.0016600210550790126,0.330295527541368
154,138-259,0.0016579494360756508,0.33195347697744365
155,70-231,0.0016576087376132915,0.33361108571505693
156,206-238,0.0016564359805265676,0.3352675216955835
157,159-187,0.0016539260464633716,0.33692144774204685
158,179-195,0.0016530205487556911,0.33857446829080257
159,30-185,0.0016526146694725713,0.34022708296027515
160,84-190,0.0016482844887881405,0.34187536744906327
161,208-223,0.0016468053559890027,0.34352217280505226
162,83-223,0.0016467208058096544,0.3451688936108619
163,153-181,0.0016442173797402355,0.34681311099060214
164,32-186,0.0016374079357394278,0.34845051892634155
165,151-232,0.0016369778455524336,0.350087496771894
166,189-247,0.0016315036613986007,0.3517190004332926
167,46-187,0.0016236268962586062,0.3533426273295512
168,186-215,0.001622489536360554,0.35496511686591176
169,148-206,0.0016210706418183752,0.35658618750773013
170,189-244,0.001617832541233194,0.35820402004896335
171,43-184,0.0016051598073221424,0.35980917985628547
172,189-192,0.0016051017877364044,0.3614142816440219
173,196-242,0.0016043568629207322,0.3630186385069426
174,191-200,0.0016041281490067538,0.36462276665594934
175,191-260,0.0016024477626610325,0.3662252144186104
176,49-154,0.0016023336749545522,0.36782754809356494
177,135-208,0.0015973139406229092,0.36942486203418784
178,105-183,0.0015947202837092139,0.37101958231789706
179,190-213,0.0015831407925685744,0.3726027231104656
180,115-208,0.0015808373718780163,0.37418356048234364
181,106-183,0.0015789028613005568,0.3757624633436442
182,81-182,0.0015783240021979142,0.37734078734584214
183,121-191,0.0015781731240001894,0.37891896046984236
184,183-218,0.0015764808595122625,0.38049544132935464
185,140-189,0.001572360600826812,0.38206780193018147
186,191-255,0.0015681118895667463,0.3836359138197482
187,139-184,0.0015665364817503463,0.3852024503014986
188,186-274,0.0015657345001400633,0.38676818480163866
189,225-292,0.0015641960899859498,0.3883323808916246
190,186-265,0.0015618391506446352,0.3898942200422692
191,85-236,0.0015578702748187583,0.39145209031708794
192,208-219,0.001555937286964178,0.3930080276040521
193,180-185,0.0015401037595297578,0.39454813136358186
194,206-217,0.0015349283483528106,0.3960830597119347
195,37-70,0.0015329226235454739,0.3976159823354802
196,46-70,0.0015267985550034963,0.39914278089048366
197,167-236,0.0015251261090524404,0.4006679069995361
198,190-231,0.0015238208573020973,0.40219172785683815
199,28-190,0.0015145889351283427,0.4037063167919665
200,177-238,0.0015140128720956643,0.4052203296640622
201,107-191,0.001510943292424711,0.4067312729564869
202,207-245,0.0015073895205427207,0.40823866247702967
203,207-285,0.0015060050309390043,0.4097446675079687
204,189-251,0.001504977208444635,0.4112496447164133
205,153-215,0.0015043609385613382,0.4127540056549746
206,201-250,0.0015031991788502358,0.41425720483382483
207,77-190,0.0015015230544809975,0.4157587278883058
208,189-270,0.0015009331982424718,0.4172596610865483
209,50-70,0.001499831607945128,0.4187594926944934
210,130-175,0.001498049813621567,0.420257542508115
211,134-183,0.001494832483515727,0.4217523749916307
212,68-180,0.0014918469413106792,0.42324422193294137
213,156-184,0.001489855279268461,0.42473407721220985
214,54-185,0.0014874088066033331,0.42622148601881316
215,77-129,0.0014868335741531756,0.42770831959296635
216,190-278,0.0014864965617824065,0.42919481615474875
217,189-195,0.0014854645263063452,0.43068028068105507
218,175-215,0.0014786523532319285,0.432158933034287
219,238-277,0.0014760104177682146,0.4336349434520552
220,190-262,0.0014724588762517266,0.43510740232830697
221,34-189,0.0014698450096415788,0.43657724733794856
222,108-191,0.001468044249895799,0.43804529158784433
223,70-120,0.0014658250064493513,0.4395111165942937
224,80-122,0.0014627529108935627,0.44097386950518724
225,138-189,0.001462676253362834,0.44243654575855007
226,115-191,0.0014626670052432166,0.4438992127637933
227,60-187,0.001459242548702912,0.4453584553124962
228,77-191,0.0014583116662462575,0.44681676697874245
229,178-190,0.0014572984461292777,0.44827406542487175
230,70-172,0.0014499288305666708,0.4497239942554384
231,72-189,0.0014490533323684492,0.45117304758780685
232,93-155,0.001446791630900667,0.4526198392187075
233,57-187,0.0014431216760981119,0.45406296089480563
234,147-238,0.0014417880295948774,0.4555047489244005
235,133-208,0.001431093904884599,0.4569358428292851
236,183-265,0.001430943697979458,0.4583667865272646
237,155-266,0.0014285631311429898,0.45979534965840757
238,192-260,0.0014255205110881523,0.4612208701694957
239,206-233,0.0014236155514837973,0.4626444857209795
240,207-278,0.0014155795551284947,0.464060065276108
241,191-221,0.0014148870844761794,0.46547495236058417
242,186-263,0.0014108020321736147,0.4668857543927578
243,29-190,0.0014104916159761716,0.468296246008734
244,71-150,0.001410287103513571,0.4697065331122476
245,31-190,0.0014101996687017912,0.4711167327809494
246,105-189,0.0014101731585040359,0.47252690593945346
247,172-182,0.0014096622210858086,0.47393656816053925
248,223-240,0.0014096160206101848,0.47534618418114943
249,63-191,0.0014027917750953091,0.47674897595624477
250,124-191,0.0014011002199706669,0.4781500761762154
251,190-249,0.0013996286433833446,0.47954970481959874
252,53-208,0.0013989985878411105,0.48094870340743984
253,174-207,0.0013981044636715676,0.4823468078711114
254,155-180,0.0013975297941051534,0.4837443376652166
255,174-208,0.0013942516155347267,0.4851385892807513
256,111-178,0.0013933188072437525,0.48653190808799507
257,162-178,0.0013886621892426501,0.48792057027723773
258,41-186,0.0013879541300765702,0.4893085244073143
259,184-191,0.001387914069466465,0.4906964384767808
260,103-191,0.0013867589446041248,0.4920831974213849
261,78-155,0.0013866712425849147,0.4934698686639698
262,181-223,0.0013854487872031495,0.49485531745117295
263,163-182,0.0013836077376550302,0.496238925188828
264,189-190,0.001381978633758319,0.49762090382258634
265,151-259,0.0013805679876522081,0.4990014718102385
266,191-240,0.0013784268006303763,0.5003798986108688
267,250-283,0.00137772935774747,0.5017576279686163
268,64-206,0.0013773196178782665,0.5031349475864946
269,36-190,0.0013767209414351116,0.5045116685279297
270,153-259,0.0013714790498445925,0.5058831475777743
271,66-206,0.001368065172739122,0.5072512127505134
272,186-246,0.001367680879853599,0.508618893630367
273,187-193,0.001366790013148596,0.5099856836435156
274,70-134,0.0013640016127449905,0.5113496852562606
275,189-227,0.001360259174118916,0.5127099444303794
276,208-285,0.0013595686344815127,0.5140695130648609
277,201-285,0.001358581661029472,0.5154280947258904
278,166-182,0.0013576519513682354,0.5167857466772586
279,189-229,0.001355807418658343,0.518141554095917
280,190-251,0.0013556638916518572,0.5194972179875689
281,47-191,0.001352463487243703,0.5208496814748126
282,55-186,0.001351400821203491,0.522201082296016
283,124-208,0.0013508510627699944,0.523551933358786
284,44-186,0.0013449658536672873,0.5248968992124533
285,81-183,0.001342450496635233,0.5262393497090886
286,40-182,0.0013410663500540384,0.5275804160591426
287,175-180,0.0013400630036529823,0.5289204790627956
288,144-189,0.0013395912709174423,0.530260070333713
289,75-191,0.0013365002999761013,0.5315965706336891
290,80-183,0.0013348554361585414,0.5329314260698477
291,191-259,0.0013325654060420999,0.5342639914758898
292,87-153,0.0013310082173683617,0.5355949996932581
293,92-155,0.0013306981409181246,0.5369256978341762
294,31-189,0.0013293465287895156,0.5382550443629657
295,186-201,0.0013289719854618297,0.5395840163484275
296,189-239,0.001328395784592494,0.54091241213302
297,177-180,0.001327973370222009,0.542240385503242
298,155-182,0.0013245202618986584,0.5435649057651407
299,101-191,0.0013183577733816506,0.5448832635385223
300,155-181,0.001317783735812609,0.5462010472743349
301,191-251,0.0013165413593079287,0.5475175886336429
302,130-191,0.001316117384349078,0.548833706017992
303,53-70,0.0013159532707652376,0.5501496592887573
304,75-291,0.0013106857355293078,0.5514603450242865
305,69-272,0.0013057137245573057,0.5527660587488439
306,190-267,0.0012975577976590564,0.5540636165465029
307,179-244,0.0012966880918952783,0.5553603046383982
308,148-190,0.0012930053015821996,0.5566533099399804
309,148-180,0.0012910198402400978,0.5579443297802205
310,186-202,0.0012900651909422448,0.5592343949711627
311,105-186,0.001288483471591026,0.5605228784427537
312,184-274,0.001288340727560049,0.5618112191703137
313,56-185,0.0012869713794402974,0.5630981905497541
314,108-235,0.0012862324414583514,0.5643844229912124
315,183-285,0.001283621332899637,0.565668044324112
316,175-287,0.001280049757199133,0.5669480940813111
317,116-189,0.0012786953503784943,0.5682267894316896
318,128-175,0.0012769795044820461,0.5695037689361716
319,136-208,0.0012768632837219746,0.5707806322198936
320,189-235,0.0012765519951599097,0.5720571842150535
321,191-249,0.0012758447628008845,0.5733330289778543
322,155-260,0.0012744775270438042,0.5746075065048981
323,210-234,0.001273268556441941,0.5758807750613401
324,70-264,0.0012728999481709654,0.577153675009511
325,60-191,0.0012674654303257377,0.5784211404398367
326,189-288,0.0012668446393693453,0.579687985079206
327,32-185,0.0012666806373412601,0.5809546657165473
328,52-70,0.0012639450923039202,0.5822186108088512
329,201-207,0.0012638343062915717,0.5834824451151428
330,121-182,0.0012595138924294744,0.5847419590075723
331,153-161,0.0012543540687039662,0.5859963130762763
332,41-183,0.0012523053002973586,0.5872486183765737
333,190-193,0.0012486991428077674,0.5884973175193815
334,122-273,0.0012479893092329822,0.5897453068286145
335,190-239,0.001247513481227922,0.5909928203098423
336,170-183,0.0012460068081224618,0.5922388271179648
337,129-225,0.0012416258224044947,0.5934804529403693
338,157-187,0.0012404774949950077,0.5947209304353643
339,138-184,0.0012400990400530437,0.5959610294754174
340,253-288,0.0012394366035638489,0.5972004660789813
341,184-212,0.001237298930956066,0.5984377650099373
342,190-221,0.001237162484295711,0.599674927494233
343,100-187,0.0012356444640656216,0.6009105719582987
344,180-278,0.0012347990189123582,0.602145370977211
345,121-242,0.0012346920228776803,0.6033800630000886
346,207-238,0.0012329032687809405,0.6046129662688695
347,106-225,0.001228843727590003,0.6058418099964595
348,186-253,0.0012275423480138813,0.6070693523444735
349,254-287,0.0012254849907226324,0.6082948373351961
350,151-248,0.00122385816205158,0.6095186954972477
351,253-283,0.0012235042824211774,0.6107421997796688
352,70-105,0.0012220002554471673,0.611964200035116
353,96-191,0.0012219637852369889,0.613186163820353
354,178-182,0.0012207413204360549,0.614406905140789
355,46-155,0.00121997608443498,0.615626881225224
356,80-162,0.001218567789747,0.6168454490149711
357,178-206,0.0012104480856028835,0.618055897100574
358,79-217,0.0012043338392577962,0.6192602309398317
359,207-281,0.0012029627193167716,0.6204631936591485
360,104-191,0.001201204903494295,0.6216643985626428
361,42-183,0.001200251886544024,0.6228646504491868
362,38-190,0.0012001575995103956,0.6240648080486972
363,206-219,0.001199164058559393,0.6252639721072566
364,145-185,0.001196253688663001,0.6264602257959196
365,169-241,0.001195458554370105,0.6276556843502897
366,189-215,0.0011915625403337781,0.6288472468906235
367,97-191,0.0011910953686934025,0.630038342259317
368,39-70,0.0011884769474619858,0.6312268192067789
369,153-288,0.0011790804608895172,0.6324058996676685
370,141-178,0.001171280321359382,0.6335771799890278
371,69-144,0.001169465477208521,0.6347466454662364
372,170-187,0.0011678655439085032,0.6359145110101448
373,153-267,0.0011639834884106706,0.6370784944985555
374,189-248,0.0011635556863749763,0.6382420501849304
375,206-210,0.0011634076084447297,0.6394054577933751
376,102-190,0.0011628008870265387,0.6405682586804017
377,92-207,0.0011620608826985758,0.6417303195631002
378,186-273,0.0011611501979844855,0.6428914697610847
379,165-187,0.0011607142239172588,0.644052183985002
380,141-208,0.0011584439306322706,0.6452106279156342
381,171-208,0.0011529236665419257,0.6463635515821762
382,161-209,0.001152909552086274,0.6475164611342624
383,50-71,0.0011517398871287797,0.6486682010213912
384,41-126,0.001150676000087826,0.649818877021479
385,257-292,0.0011495265664426234,0.6509684035879216
386,69-139,0.001147530584364404,0.6521159341722861
387,164-206,0.0011464657450272894,0.6532623999173134
388,183-287,0.0011442690799674607,0.6544066689972808
389,175-251,0.0011401998001037562,0.6555468687973846
390,128-189,0.0011390313751614514,0.656685900172546
391,88-207,0.001136756189080491,0.6578226563616265
392,35-188,0.001136508578876438,0.658959164940503
393,157-236,0.0011337689228616227,0.6600929338633647
394,139-183,0.0011323817014614618,0.6612253155648261
395,82-191,0.0011310564110934645,0.6623563719759196
396,76-180,0.0011300339163960837,0.6634864058923157
397,123-191,0.0011294318379192509,0.6646158377302349
398,142-183,0.0011282932686987911,0.6657441309989337
399,51-182,0.0011282235631025134,0.6668723545620362
400,184-190,0.0011281782966660041,0.6680005328587022
401,206-212,0.001128147655540621,0.6691286805142428
402,193-222,0.0011270178675952972,0.6702556983818381
403,159-183,0.001124832602144656,0.6713805309839828
404,125-191,0.0011221853763240448,0.6725027163603068
405,190-224,0.0011215075787646494,0.6736242239390714
406,151-254,0.0011187211073726978,0.674742945046444
407,104-187,0.0011153480855455914,0.6758582931319896
408,188-201,0.0011151633591295828,0.6769734564911192
409,142-180,0.0011150510366460217,0.6780885075277652
410,189-260,0.001113413494795073,0.6792019210225603
411,189-194,0.0011132013304027688,0.6803151223529631
412,78-202,0.0011109355043400152,0.6814260578573031
413,190-281,0.0011041346861088842,0.6825301925434121
414,208-257,0.0011032337278944276,0.6836334262713065
415,153-212,0.0011017375295924543,0.6847351638008989
416,190-282,0.0010986833333965313,0.6858338471342955
417,191-203,0.0010960298058276443,0.6869298769401232
418,179-220,0.0010921338639381325,0.6880220108040613
419,152-192,0.0010901958351349997,0.6891122066391964
420,189-258,0.0010889729974039922,0.6902011796366003
421,153-223,0.0010881698952130766,0.6912893495318134
422,201-206,0.001088043915580278,0.6923773934473937
423,174-191,0.0010831988642512089,0.6934605923116449
424,256-285,0.001081396815937866,0.6945419891275828
425,104-182,0.001079197305957276,0.6956211864335401
426,188-236,0.0010733735991322667,0.6966945600326724
427,180-203,0.0010714926077433403,0.6977660526404157
428,112-153,0.001071369200827538,0.6988374218412432
429,149-184,0.0010711850913185566,0.6999086069325617
430,189-246,0.0010692975210035054,0.7009779044535652
431,37-189,0.0010636127366034681,0.7020415171901687
432,189-272,0.0010604520969936236,0.7031019692871623
433,151-274,0.001060325658026387,0.7041622949451887
434,186-199,0.0010586710705503702,0.705220966015739
435,202-207,0.0010576798295676938,0.7062786458453068
436,182-279,0.00105613961230496,0.7073347854576117
437,34-186,0.001054948046610924,0.7083897335042226
438,146-182,0.0010547556808281457,0.7094444891850508
439,131-206,0.0010538546993175025,0.7104983438843683
440,287-292,0.0010537161488463577,0.7115520600332146
441,189-224,0.001051953961830312,0.7126040139950449
442,179-181,0.0010497924297476092,0.7136538064247925
443,102-191,0.0010497061352778743,0.7147035125600704
444,208-283,0.0010490835691334007,0.7157525961292037
445,175-177,0.0010490689081369981,0.7168016650373408
446,50-206,0.0010490018761061411,0.7178506669134469
447,189-253,0.00104558383047071,0.7188962507439176
448,184-218,0.0010444515351201362,0.7199407022790377
449,190-256,0.0010431879923287022,0.7209838902713664
450,189-271,0.0010401282150414553,0.7220240184864078
451,208-266,0.001039374088199759,0.7230633925746076
452,127-154,0.001037576911755557,0.7241009694863632
453,127-189,0.0010372225932742231,0.7251381920796374
454,55-190,0.0010371759746296552,0.726175368054267
455,192-253,0.0010367086209645397,0.7272120766752315
456,191-250,0.001036631312744835,0.7282487079879763
457,184-205,0.0010357106155205933,0.7292844186034968
458,61-181,0.0010326890252502683,0.730317107628747
459,196-240,0.001032215945822806,0.7313493235745698
460,155-184,0.0010261311459779795,0.7323754547205478
461,189-197,0.0010258635849229201,0.7334013183054707
462,173-208,0.001025571890905089,0.7344268901963759
463,44-187,0.0010221074936747822,0.7354489976900507
464,47-182,0.0010220745614910212,0.7364710722515417
465,208-289,0.001021187841401512,0.7374922600929432
466,76-179,0.0010200298884936185,0.7385122899814368
467,190-264,0.0010188022664519487,0.7395310922478887
468,73-182,0.0010159750329712556,0.74054706728086
469,53-183,0.001012318227145655,0.7415593855080056
470,69-182,0.0010070464623733652,0.742566431970379
471,136-182,0.001006643811484367,0.7435730757818634
472,146-195,0.001000619645813807,0.7445736954276772
473,193-204,0.0009968139615000333,0.7455705093891772
474,140-259,0.000995100764109437,0.7465656101532867
475,104-206,0.0009950696479493182,0.747560679801236
476,104-190,0.0009915943715481013,0.748552274172784
477,30-190,0.0009911208155576644,0.7495433949883417
478,74-210,0.000991049466376749,0.7505344444547184
479,76-278,0.0009887989925708408,0.7515232434472893
480,37-182,0.0009877029759307215,0.75251094642322
481,151-206,0.0009874340250979876,0.753498380448318
482,70-91,0.0009862555173243126,0.7544846359656423
483,175-188,0.0009861045573102006,0.7554707405229525
484,173-190,0.0009860377663030004,0.7564567782892555
485,40-190,0.0009816798626347354,0.7574384581518903
486,135-184,0.0009781326803446476,0.7584165908322349
487,103-155,0.000975479684546173,0.759392070516781
488,183-292,0.0009754111281648067,0.7603674816449458
489,208-211,0.0009747156338066881,0.7613421972787525
490,155-187,0.000974367266840965,0.7623165645455935
491,206-250,0.0009738820243651208,0.7632904465699586
492,32-190,0.0009734414426217764,0.7642638880125804
493,89-182,0.0009700961253382578,0.7652339841379187
494,43-71,0.0009688269185312526,0.7662028110564499
495,64-155,0.0009677753142571988,0.7671705863707071
496,41-70,0.0009650878225319066,0.768135674193239
497,60-183,0.0009646623892023767,0.7691003365824414
498,112-175,0.0009635666013061607,0.7700639031837475
499,253-285,0.0009626305734736183,0.7710265337572211
500,140-191,0.0009611845971644211,0.7719877183543855
501,178-225,0.0009578646471644084,0.7729455830015499
502,133-187,0.000956260727008823,0.7739018437285587
503,139-190,0.0009543620438008045,0.7748562057723596
504,39-155,0.0009518958358233146,0.7758081016081829
505,189-265,0.0009510910952641175,0.7767591927034471
506,70-104,0.0009508450033893604,0.7777100377068364
507,178-191,0.0009497084335615405,0.778659746140398
508,152-184,0.0009474318267788602,0.7796071779671768
509,111-187,0.0009462420461183601,0.7805534200132952
510,190-245,0.0009459861099433445,0.7814994061232385
511,180-286,0.0009454978465073946,0.782444903969746
512,55-187,0.0009448062488144601,0.7833897102185604
513,169-292,0.00093807187966926,0.7843277820982296
514,143-189,0.0009361878037271059,0.7852639699019567
515,179-211,0.000936079649446658,0.7862000495514033
516,155-177,0.0009356691312493523,0.7871357186826526
517,41-72,0.0009355902453757802,0.7880713089280285
518,49-191,0.0009348184827748465,0.7890061274108033
519,153-266,0.000934781906424462,0.7899409093172278
520,138-208,0.0009341339273072804,0.7908750432445351
521,109-189,0.0009315314106873493,0.7918065746552224
522,191-252,0.0009310322161428067,0.7927376068713652
523,153-207,0.0009286263241804374,0.7936662331955456
524,80-215,0.0009259177161497113,0.7945921509116953
525,189-249,0.0009253494005652846,0.7955175003122607
526,186-271,0.0009248921661088063,0.7964423924783695
527,131-182,0.0009246070994920325,0.7973669995778615
528,46-186,0.0009225015261552977,0.7982895011040168
529,190-241,0.0009224544416784262,0.7992119555456951
530,110-180,0.000921953464096443,0.8001339090097915
531,37-190,0.0009206119305490445,0.8010545209403406
532,184-270,0.000920350151470992,0.8019748710918115
533,157-184,0.0009201096861358552,0.8028949807779474
534,144-255,0.0009193147259141607,0.8038142955038615
535,208-224,0.0009188703374449751,0.8047331658413065
536,189-287,0.000917678530338883,0.8056508443716454
537,81-191,0.0009145029977213839,0.8065653473693667
538,90-183,0.0009141959111611338,0.8074795432805278
539,73-186,0.0009133961733444017,0.8083929394538723
540,179-229,0.0009130048465674299,0.8093059443004397
541,107-178,0.000911358158747917,0.8102173024591875
542,141-256,0.0009062749389475526,0.8111235773981351
543,171-187,0.000905724766421237,0.8120293021645564
544,53-180,0.0009033794886252577,0.8129326816531817
545,184-206,0.000901182253811045,0.8138338639069927
546,189-252,0.0009008255134791923,0.8147346894204719
547,179-197,0.0009002692154621566,0.815634958635934
548,262-287,0.0008984831730074964,0.8165334418089415
549,75-182,0.0008976213294632645,0.8174310631384047
550,180-288,0.0008973370340224539,0.8183284001724273
551,141-190,0.0008972908273155721,0.8192256909997429
552,132-187,0.0008967923278174387,0.8201224833275603
553,155-224,0.0008957639949482125,0.8210182473225085
554,78-197,0.0008939955847300562,0.8219122429072385
555,208-221,0.0008934354103724135,0.822805678317611
556,54-190,0.0008926661618968483,0.8236983444795078
557,127-191,0.0008923111337138514,0.8245906556132216
558,191-265,0.0008898957310685853,0.8254805513442902
559,61-178,0.0008894953407060517,0.8263700466849963
560,49-182,0.0008854023278702134,0.8272554490128665
561,145-154,0.000882063493939236,0.8281375125068058
562,186-275,0.0008820216515827873,0.8290195341583886
563,61-190,0.000880751916610249,0.8299002860749989
564,40-70,0.0008799528932981279,0.830780238968297
565,70-118,0.0008793561623135245,0.8316595951306105
566,95-182,0.0008791562785708736,0.8325387514091813
567,199-208,0.0008787966134416506,0.833417548022623
568,69-186,0.0008713121085961342,0.8342888601312192
569,128-191,0.0008705786291277777,0.8351594387603469
570,192-207,0.0008687067010054731,0.8360281454613524
571,173-251,0.0008665687648318056,0.8368947142261842
572,184-217,0.0008661503658673143,0.8377608645920516
573,223-254,0.0008644956790327296,0.8386253602710843
574,153-277,0.0008644584659120543,0.8394898187369964
575,50-190,0.0008619822472783434,0.8403518009842746
576,253-280,0.0008618029437522849,0.8412136039280269
577,175-258,0.000860806931444751,0.8420744108594717
578,89-208,0.000856551157088625,0.8429309620165603
579,190-232,0.0008558344937534446,0.8437867965103137
580,84-197,0.0008551654147696131,0.8446419619250833
581,48-189,0.0008549981763668316,0.8454969601014501
582,115-235,0.000854668803252161,0.8463516289047023
583,208-220,0.0008516636706065771,0.8472032925753089
584,191-239,0.0008493482478295843,0.8480526408231385
585,49-71,0.0008453904165298691,0.8488980312396683
586,179-225,0.0008442819201291662,0.8497423131597975
587,79-160,0.0008432617543424643,0.85058557491414
588,59-158,0.000842601148231634,0.8514281760623716
589,191-197,0.0008419486944032711,0.8522701247567749
590,122-191,0.0008400452420823686,0.8531101699988572
591,191-243,0.0008390459036281778,0.8539492159024854
592,186-283,0.000838109877804146,0.8547873257802896
593,140-207,0.0008374223106809306,0.8556247480909706
594,41-190,0.0008349593056815938,0.8564597073966521
595,94-155,0.0008320654172394027,0.8572917728138916
596,190-236,0.0008317401543482446,0.8581235129682399
597,191-231,0.0008311148839834435,0.8589546278522233
598,192-199,0.0008297335507106765,0.859784361402934
599,55-185,0.0008209823827467746,0.8606053437856808
600,185-278,0.0008187742053011534,0.861424117990982
601,101-180,0.0008180834023227307,0.8622422013933047
602,198-207,0.0008171044056203688,0.863059305798925
603,162-190,0.0008149838854557657,0.8638742896843807
604,218-290,0.0008107073296581605,0.8646849970140389
605,52-191,0.0008085920965832268,0.8654935891106221
606,47-75,0.0008083159136045965,0.8663019050242268
607,127-206,0.0008055419832841304,0.8671074470075109
608,189-242,0.0008039371146684935,0.8679113841221794
609,191-234,0.0008039158154575158,0.8687152999376369
610,161-199,0.0008036144332379016,0.8695189143708748
611,111-185,0.0008012793871759213,0.8703201937580507
612,76-267,0.0007989657234921628,0.8711191594815428
613,149-254,0.0007982650423523486,0.8719174245238952
614,186-249,0.0007957735700389025,0.8727131980939341
615,85-259,0.0007925622220452261,0.8735057603159794
616,192-257,0.0007915900561545375,0.874297350372134
617,173-184,0.0007904636349265606,0.8750878140070605
618,75-177,0.0007885320785409486,0.8758763460856014
619,70-90,0.0007868223707739789,0.8766631684563754
620,124-153,0.00078616195879288,0.8774493304151683
621,206-267,0.0007855842960201583,0.8782349147111884
622,94-182,0.0007854468086962207,0.8790203615198846
623,144-181,0.0007848003400592712,0.8798051618599438
624,121-189,0.0007834987463301615,0.880588660606274
625,189-273,0.0007829679017824156,0.8813716285080565
626,191-256,0.0007827905688125135,0.882154419076869
627,161-191,0.000782336859764581,0.8829367559366336
628,68-71,0.0007821131903670019,0.8837188691270006
629,177-183,0.0007820896253205623,0.8845009587523212
630,91-190,0.0007814633408913037,0.8852824220932125
631,203-277,0.0007800588027677466,0.8860624808959803
632,44-70,0.0007773252838528774,0.8868398061798332
633,70-220,0.0007737258703895196,0.8876135320502226
634,192-217,0.00077150139494165,0.8883850334451643
635,206-231,0.0007713071993410179,0.8891563406445053
636,153-258,0.0007710872833922534,0.8899274279278976
637,70-109,0.0007697134741353567,0.8906971414020329
638,49-184,0.0007690792649097723,0.8914662206669427
639,123-189,0.0007681100331279234,0.8922343307000706
640,190-226,0.0007662388160159924,0.8930005695160866
641,175-219,0.0007647281376815173,0.8937652976537681
642,66-117,0.0007639598864300342,0.8945292575401982
643,53-186,0.0007635913442729703,0.8952928488844711
644,184-286,0.0007630682185802681,0.8960559171030514
645,41-71,0.0007557157979316702,0.8968116329009831
646,89-154,0.0007536834285118252,0.8975653163294949
647,186-190,0.0007533841326680847,0.898318700462163
648,189-243,0.0007529428817985044,0.8990716433439615
649,91-182,0.0007514648254335375,0.899823108169395
650,180-285,0.0007507908768971713,0.9005738990462923
651,123-237,0.000750509998818907,0.9013244090451111
652,180-283,0.0007504910619304427,0.9020749001070416
653,154-172,0.0007504731451476736,0.9028253732521893
654,186-198,0.0007480798384261262,0.9035734530906154
655,100-178,0.0007458766896466046,0.9043193297802621
656,45-180,0.0007400751834583115,0.9050594049637204
657,126-193,0.000739995324224001,0.9057994002879444
658,52-180,0.000739014135580526,0.9065384144235249
659,208-279,0.0007376916797822468,0.9072761061033071
660,127-225,0.0007367706761524453,0.9080128767794595
661,76-88,0.0007360118741705432,0.90874888865363
662,39-191,0.0007354353954283574,0.9094843240490583
663,110-156,0.0007350481518170768,0.9102193722008755
664,189-228,0.0007350184944195053,0.9109543906952949
665,189-255,0.0007349988179883037,0.9116893895132833
666,48-206,0.0007343770111973949,0.9124237665244807
667,75-179,0.0007341527477900883,0.9131579192722707
668,136-185,0.0007339438915993219,0.91389186316387
669,40-188,0.0007323488154325237,0.9146242119793025
670,143-153,0.0007303389082658029,0.9153545508875683
671,186-269,0.000728661126490289,0.9160832120140586
672,189-212,0.0007228108634742712,0.9168060228775329
673,41-185,0.0007213878319132596,0.9175274107094461
674,208-269,0.0007188054007929791,0.918246216110239
675,190-253,0.0007162172103939479,0.918962433320633
676,36-186,0.0007153348117494375,0.9196777681323824
677,90-191,0.0007149792153675913,0.92039274734775
678,206-229,0.0007089537999503894,0.9211017011477004
679,184-266,0.0007077751193446261,0.921809476267045
680,82-183,0.0007059501178572849,0.9225154263849022
681,49-190,0.0007052584204082099,0.9232206848053105
682,180-183,0.0007039491906779012,0.9239246339959885
683,76-112,0.0007026172972159833,0.9246272512932044
684,63-207,0.0006919663549759031,0.9253192176481804
685,190-206,0.000690680713949063,0.9260098983621294
686,100-117,0.0006898117021643366,0.9266997100642937
687,185-221,0.0006895252663083132,0.927389235330602
688,186-264,0.0006892784344304801,0.9280785137650325
689,70-260,0.0006890281637739465,0.9287675419288064
690,45-70,0.0006889811122153361,0.9294565230410218
691,206-227,0.0006884965606969102,0.9301450196017187
692,106-208,0.0006879338029605725,0.9308329534046793
693,189-238,0.000686746104870505,0.9315196995095498
694,192-194,0.0006862104509514558,0.9322059099605012
695,173-187,0.000685629121656764,0.932891539082158
696,180-268,0.0006827973851053291,0.9335743364672634
697,91-183,0.0006825152438038967,0.9342568517110673
698,206-284,0.0006813015147138977,0.9349381532257812
699,161-213,0.0006806013387885948,0.9356187545645698
700,132-184,0.0006800642155207981,0.9362988187800906
701,82-160,0.0006798801076751895,0.9369786988877657
702,206-211,0.0006792398658302213,0.9376579387535959
703,145-259,0.0006767136858475398,0.9383346524394435
704,207-243,0.0006718958165675931,0.939006548256011
705,167-188,0.0006714335273001962,0.9396779817833112
706,32-189,0.0006679805847276251,0.9403459623680388
707,103-185,0.0006652543118675278,0.9410112166799063
708,161-274,0.0006648074673871537,0.9416760241472935
709,254-284,0.0006645838438606051,0.942340607991154
710,67-80,0.0006613901083707815,0.9430019980995248
711,78-182,0.0006610654539799927,0.9436630635535048
712,153-211,0.0006604447446345872,0.9443235082981394
713,145-177,0.0006600568979363737,0.9449835651960757
714,186-272,0.0006600264844310713,0.9456435916805068
715,69-100,0.0006594784536706411,0.9463030701341775
716,90-182,0.0006593814001054435,0.9469624515342829
717,101-175,0.0006592424008185279,0.9476216939351014
718,211-238,0.0006587519865905532,0.948280445921692
719,51-206,0.0006577059457433506,0.9489381518674354
720,207-230,0.0006571575351875222,0.9495953094026228
721,49-70,0.0006562167577567943,0.9502515261603797
722,136-184,0.0006537291499031253,0.9509052553102828
723,142-184,0.0006527015063648573,0.9515579568166477
724,88-189,0.0006512003030152441,0.9522091571196629
725,189-264,0.0006499126825019869,0.952859069802165
726,73-191,0.0006482312991245272,0.9535073011012895
727,189-217,0.0006443001808896878,0.9541516012821791
728,125-189,0.0006433079147084623,0.9547949091968876
729,37-129,0.0006432864106772222,0.9554381956075648
730,191-273,0.0006426510583063014,0.9560808466658711
731,69-283,0.0006401144308900306,0.9567209610967612
732,127-240,0.0006385889747950516,0.9573595500715563
733,187-191,0.0006369864641185372,0.9579965365356748
734,162-187,0.0006356359472415887,0.9586321724829164
735,59-186,0.0006348108918790468,0.9592669833747954
736,70-112,0.0006341922201526811,0.9599011755949481
737,139-187,0.0006327116182022654,0.9605338872131504
738,146-187,0.0006326326299721047,0.9611665198431225
739,195-231,0.0006303743625899037,0.9617968942057125
740,134-175,0.0006301277865805599,0.962427021992293
741,59-183,0.0006288239558339167,0.963055845948127
742,51-190,0.0006279860533489568,0.9636838320014759
743,87-191,0.0006275499093575012,0.9643113819108334
744,145-180,0.0006268303877196051,0.964938212298553
745,84-189,0.000624600477456473,0.9655628127760095
746,90-189,0.0006236082809298536,0.9661864210569394
747,144-184,0.0006216704036713108,0.9668080914606108
748,188-238,0.0006205771099659116,0.9674286685705766
749,137-153,0.0006190586739488172,0.9680477272445255
750,151-198,0.0006179828252336088,0.9686657100697591
751,184-186,0.000617847141027551,0.9692835572107866
752,153-275,0.0006140133842193656,0.969897570595006
753,39-182,0.0006139509617167871,0.9705115215567228
754,109-208,0.0006090018440842708,0.9711205234008071
755,135-175,0.0006065651146554863,0.9717270885154626
756,87-189,0.000606456034288048,0.9723335445497506
757,58-185,0.0005986200775953076,0.9729321646273459
758,191-211,0.0005947999211843063,0.9735269645485302
759,129-254,0.0005917690711533674,0.9741187336196835
760,91-198,0.0005903455576726396,0.9747090791773562
761,142-256,0.0005895397810967098,0.9752986189584528
762,38-155,0.0005879019141762599,0.9758865208726291
763,136-189,0.0005845756971115734,0.9764710965697406
764,57-190,0.0005843281079555419,0.9770554246776961
765,187-269,0.0005826949583334876,0.9776381196360296
766,151-255,0.0005824714917430718,0.9782205911277727
767,92-187,0.0005804659693307265,0.9788010570971034
768,174-183,0.000579471702492038,0.9793805287995955
769,144-182,0.0005775104539590729,0.9799580392535545
770,55-180,0.0005771037821333294,0.9805351430356879
771,98-155,0.0005742375314129584,0.9811093805671008
772,95-191,0.0005740735599054517,0.9816834541270063
773,161-190,0.0005721340201807054,0.982255588147187
774,60-177,0.0005702111523105565,0.9828257992994976
775,197-206,0.0005699590683650477,0.9833957583678627
776,148-189,0.0005646323800277613,0.9839603907478905
777,91-187,0.0005637661898329173,0.9845241569377234
778,191-229,0.0005608587669900456,0.9850850157047135
779,191-209,0.0005588881323137193,0.9856439038370273
780,208-265,0.0005581138388909224,0.9862020176759182
781,225-254,0.0005551911127966827,0.9867572087887149
782,132-241,0.0005533177550749921,0.9873105265437898
783,155-198,0.0005531957670542547,0.9878637223108441
784,189-202,0.0005526384023016899,0.9884163607131458
785,185-216,0.0005519033249050957,0.9889682640380508
786,105-191,0.0005504037860291056,0.9895186678240799
787,144-199,0.0005502324133346172,0.9900689002374146
788,136-190,0.0005501299715062121,0.9906190302089207
789,87-182,0.0005495941709260818,0.9911686243798468
790,98-191,0.0005486296299549734,0.9917172540098017
791,70-289,0.0005485338517885423,0.9922657878615903
792,175-256,0.0005484155266948049,0.9928142033882851
793,87-208,0.0005478651024120535,0.9933620684906971
794,70-217,0.0005464149128868004,0.9939084834035838
795,193-196,0.0005423834370384685,0.9944508668406223
796,50-191,0.0005409782079339191,0.9949918450485563
797,149-210,0.0005402417618611233,0.9955320868104174
798,185-276,0.0005401378566964217,0.9960722246671138
799,193-202,0.0005398087923115004,0.9966120334594253
800,125-153,0.0005358739294138283,0.9971479073888391
801,189-236,0.0005355767167178655,0.997683484105557
802,166-208,0.000531942869165071,0.998215426974722
803,186-270,0.0005279251411093762,0.9987433521158313
804,84-191,0.000524648460441669,0.999268000576273
805,41-182,0.0005245442660209137,0.9997925448422939
806,255-288,0.0005241702145006558,1.0003167150567944
807,55-182,0.0005228816249913742,1.0008395966817858
808,142-153,0.0005217613240503303,1.001361358005836
809,51-155,0.0005217561679947472,1.0018831141738307
810,56-189,0.0005216762495914709,1.0024047904234221
811,130-206,0.0005195764740193056,1.0029243668974415
812,180-206,0.0005181956450469851,1.0034425625424885
813,88-183,0.0005180057664005267,1.003960568308889
814,163-185,0.0005173850710213404,1.0044779533799104
815,48-182,0.0005162194616240321,1.0049941728415344
816,94-185,0.0005161975901362999,1.0055103704316706
817,193-206,0.0005151517171330563,1.0060255221488037
818,185-274,0.0005143439862043101,1.006539866135008
819,61-71,0.0005134359627761907,1.007053302097784
820,147-259,0.0005091536133500478,1.0075624557111342
821,52-190,0.0005085340996505941,1.008070989810785
822,54-208,0.0005070030946436832,1.0085779929054286
823,175-262,0.0005061695882787494,1.0090841624937072
824,52-185,0.0005049671349195442,1.0095891296286268
825,49-168,0.0005037589567239619,1.0100928885853508
826,78-125,0.0005032891580475425,1.0105961777433985
827,189-268,0.0005032027759925079,1.011099380519391
828,100-155,0.0005018935331107571,1.0116012740525018
829,86-183,0.0005003548359590806,1.0121016288884608
830,114-177,0.0004997872478422023,1.012601416136303
831,70-286,0.0004994867620253438,1.0131009028983284
832,42-191,0.0004982136530951812,1.0135991165514235
833,70-136,0.0004951035697154435,1.014094220121139
834,77-145,0.0004918022329203617,1.0145860223540593
835,87-184,0.0004893156686735646,1.0150753380227329
836,191-224,0.0004885112871916637,1.0155638493099246
837,192-200,0.00048655037198616234,1.0160503996819108
838,114-153,0.0004859575225459078,1.0165363572044568
839,178-187,0.00048587861608194867,1.0170222358205387
840,176-190,0.0004855683456572299,1.017507804166196
841,99-155,0.00048392415695271666,1.0179917283231488
842,82-256,0.00048230186730350097,1.0184740301904522
843,189-254,0.00048113207311826394,1.0189551622635704
844,189-256,0.0004768105086807213,1.0194319727722512
845,190-285,0.00047589535853036934,1.0199078681307816
846,190-223,0.00047359695675144246,1.0203814650875331
847,163-208,0.0004729657737474868,1.0208544308612806
848,167-235,0.0004728278970629588,1.0213272587583435
849,78-201,0.0004721917965026908,1.0217994505548462
850,95-190,0.0004705798804029346,1.0222700304352492
851,31-152,0.00046872815185773127,1.022738758587107
852,180-208,0.0004677144664405699,1.0232064730535477
853,157-190,0.00046683612048689746,1.0236733091740347
854,145-181,0.0004664020800789069,1.0241397112541135
855,65-183,0.00046565584045673447,1.0246053670945703
856,175-283,0.00046313171380335945,1.0250684988083736
857,42-71,0.0004619121333775086,1.0255304109417511
858,76-259,0.00046145852705653566,1.0259918694688077
859,79-264,0.0004609670085099101,1.0264528364773176
860,103-183,0.0004607573045257589,1.0269135937818432
861,96-182,0.0004555594294235278,1.0273691532112668
862,92-190,0.0004529567544028052,1.0278221099656695
863,172-183,0.000452862425892675,1.028274972391562
864,256-287,0.00044810689851744196,1.0287230792900794
865,175-182,0.0004472870503970965,1.0291703663404765
866,43-214,0.0004471883525647441,1.0296175546930413
867,192-222,0.0004471025499773869,1.0300646572430188
868,51-70,0.0004447024028245297,1.0305093596458432
869,189-290,0.0004442226021481955,1.0309535822479914
870,74-155,0.00044255994355844224,1.0313961421915498
871,77-182,0.0004410234285296591,1.0318371656200795
872,175-189,0.00043955327028711926,1.0322767188903668
873,157-191,0.00043942448903948604,1.0327161433794063
874,203-206,0.00043891254344707544,1.0331550559228533
875,191-193,0.0004346336837732087,1.0335896896066266
876,124-193,0.00043333199043498263,1.0340230215970616
877,181-278,0.000431271266682909,1.0344542928637446
878,52-186,0.0004296355625325755,1.0348839284262772
879,165-208,0.0004280623522710471,1.0353119907785482
880,192-255,0.0004271462999101377,1.0357391370784583
881,190-257,0.00042387853003123893,1.0361630156084896
882,208-278,0.00042334400119807075,1.0365863596096876
883,90-154,0.0004209862351213319,1.037007345844809
884,44-149,0.000420799735689255,1.0374281455804983
885,54-187,0.00041909197046533495,1.0378472375509638
886,161-211,0.0004180732601025741,1.0382653108110664
887,185-200,0.0004147958856012021,1.0386801066966675
888,133-189,0.00041329122454645504,1.039093397921214
889,50-185,0.0004123650420306335,1.0395057629632447
890,159-189,0.0004110196493248891,1.0399167826125697
891,135-256,0.0004108624242464025,1.0403276450368162
892,189-259,0.00041062234076258766,1.0407382673775787
893,186-268,0.00041025925213039133,1.0411485266297091
894,79-236,0.00040995690005701953,1.0415584835297662
895,105-182,0.0004095003195516859,1.0419679838493179
896,189-230,0.0004091985698423063,1.04237718241916
897,61-189,0.0004040157614520804,1.042781198180612
898,184-273,0.0004039199244436073,1.0431851181050558
899,32-155,0.00040330450863017384,1.043588422613686
900,84-182,0.0004032420155602162,1.0439916646292462
901,42-187,0.0004024987722583662,1.0443941634015046
902,191-219,0.0004021803931599543,1.0447963437946646
903,177-236,0.0004021013970303362,1.045198445191695
904,49-189,0.0004015773788140446,1.0456000225705089
905,106-182,0.0004015259244467394,1.0460015484949556
906,179-183,0.0003988184150089171,1.0464003669099646
907,196-239,0.000398001793008765,1.0467983687029734
908,82-189,0.0003972793280671374,1.0471956480310405
909,134-208,0.00039625659019206313,1.0475919046212325
910,76-256,0.0003960788031808951,1.0479879834244135
911,158-190,0.00039471868878630583,1.0483827021131997
912,206-237,0.0003925002068585273,1.0487752023200583
913,146-184,0.00039149537208057355,1.0491666976921388
914,172-208,0.00038973205078049765,1.0495564297429192
915,50-186,0.0003869307129473099,1.0499433604558666
916,43-129,0.00038604929350036904,1.050329409749367
917,61-206,0.00038435366760541516,1.0507137634169723
918,111-189,0.0003837422086843837,1.0510975056256566
919,185-212,0.00038306242033549724,1.0514805680459922
920,53-155,0.0003820520527523265,1.0518626200987446
921,132-192,0.00038200360719652213,1.052244623705941
922,70-175,0.0003810467679689848,1.05262567047391
923,189-291,0.00037894273775211277,1.0530046132116622
924,183-211,0.00036930847481119524,1.0533739216864733
925,168-180,0.0003681711770174697,1.0537420928634906
926,188-191,0.0003675775984894865,1.0541096704619801
927,144-191,0.00036734669063634483,1.0544770171526165
928,44-184,0.0003656913606728349,1.0548427085132894
929,192-228,0.0003644258856895391,1.055207134398979
930,86-189,0.00036393116734155094,1.0555710655663206
931,189-213,0.0003631245606114397,1.0559341901269321
932,185-240,0.00036192588016271265,1.056296116007095
933,149-206,0.00036189892684215157,1.056658014933937
934,70-259,0.00036060065439472546,1.0570186155883319
935,31-183,0.0003593516478836486,1.0573779672362156
936,189-193,0.0003588451656932667,1.0577368124019089
937,185-239,0.0003576085255557996,1.0580944209274648
938,191-261,0.00035740040307730863,1.058451821330542
939,193-207,0.0003562056619167573,1.058808026992459
940,58-191,0.00035564353689697203,1.059163670529356
941,52-206,0.00035506399897474984,1.0595187345283306
942,70-228,0.0003544916563802883,1.0598732261847108
943,191-217,0.0003528773661127296,1.0602261035508236
944,107-208,0.0003491061050735633,1.0605752096558971
945,153-284,0.0003483008439110351,1.0609235104998083
946,79-110,0.0003455796545458323,1.061269090154354
947,137-208,0.00034495627854733515,1.0616140464329014
948,100-191,0.0003447676242126937,1.0619588140571141
949,36-191,0.00034419156377369075,1.0623030056208878
950,193-274,0.0003427987767906111,1.0626458043976783
951,56-191,0.00034250913736965814,1.062988313535048
952,191-238,0.0003418662810126146,1.0633301798160606
953,67-206,0.00034063316122091874,1.0636708129772816
954,229-290,0.00033837851360721217,1.064009191490889
955,190-228,0.00033827073551580896,1.0643474622264046
956,62-70,0.0003358890697119759,1.0646833512961167
957,103-182,0.00033517823876340477,1.0650185295348802
958,152-256,0.00033424361567839717,1.0653527731505585
959,87-180,0.0003329532505165772,1.065685726401075
960,145-209,0.0003309226204360932,1.066016649021511
961,60-186,0.00032927966249558403,1.0663459286840067
962,77-89,0.0003280344091510504,1.0666739630931577
963,78-191,0.00032709765978391147,1.0670010607529417
964,142-207,0.0003261237281295729,1.0673271844810712
965,184-216,0.0003253796829305977,1.0676525641640018
966,192-224,0.00032209442022142876,1.0679746585842231
967,60-70,0.000321538032311804,1.068296196616535
968,47-206,0.0003187637964361895,1.068614960412971
969,166-177,0.00031857287481642295,1.0689335332877876
970,180-276,0.0003184036188702465,1.0692519369066578
971,162-208,0.00031710139827770696,1.0695690383049354
972,189-191,0.00031704289433050567,1.0698860811992659
973,178-184,0.00031683718999878465,1.0702029183892647
974,190-201,0.00031563485568827693,1.070518553244953
975,132-225,0.0003153809538846206,1.0708339341988378
976,189-266,0.0003151786066235916,1.0711491128054613
977,189-250,0.00031464415126227494,1.0714637569567236
978,58-190,0.0003124144915501222,1.0717761714482736
979,110-177,0.0003123428132466802,1.0720885142615204
980,63-70,0.0003112682639860262,1.0723997825255065
981,49-72,0.0003097708708754745,1.072709553396382
982,155-263,0.00030881340965736566,1.0730183668060393
983,192-249,0.000308733688621292,1.0733271004946607
984,154-190,0.0003086396735338665,1.0736357401681946
985,184-258,0.0003081703166391661,1.0739439104848338
986,166-189,0.0003077931329066474,1.0742517036177406
987,64-191,0.00030450812770684287,1.0745562117454475
988,35-292,0.00030262461098427216,1.0748588363564318
989,182-190,0.0003019732327766174,1.0751608095892085
990,204-219,0.0003015401703079057,1.0754623497595164
991,161-210,0.00029810466505939893,1.0757604544245758
992,208-284,0.0002980295420361209,1.0760584839666119
993,45-181,0.00029745316815193794,1.0763559371347637
994,130-154,0.00029739721409733597,1.0766533343488611
995,154-179,0.0002969403954999068,1.0769502747443611
996,95-155,0.0002958056948640127,1.0772460804392252
997,190-260,0.00029132679473223386,1.0775374072339574
998,187-281,0.0002911849332084209,1.0778285921671658
999,190-229,0.0002910989127195531,1.0781196910798854
1000,185-197,0.0002906539985474774,1.0784103450784328
1001,186-261,0.00029032395427704366,1.07870066903271
1002,180-207,0.000289358079563254,1.0789900271122732
1003,63-190,0.0002872761614800472,1.0792773032737533
1004,38-206,0.0002871391243715837,1.0795644423981248
1005,46-191,0.0002867934186687305,1.0798512358167935
1006,62-175,0.00028631073647301204,1.0801375465532665
1007,151-189,0.0002857560679159886,1.0804233026211825
1008,169-193,0.00028460218067286573,1.0807079048018553
1009,38-70,0.00028235384287841875,1.0809902586447337
1010,191-218,0.00028219257111915095,1.081272451215853
1011,110-185,0.0002805541773647287,1.0815530053932176
1012,188-190,0.00027887108990398875,1.0818318764831216
1013,70-96,0.00027734159847127586,1.082109218081593
1014,50-72,0.000276579059653713,1.0823857971412467
1015,155-210,0.0002748865301099038,1.0826606836713566
1016,129-206,0.0002748123816369867,1.0829354960529936
1017,169-192,0.0002745195388535127,1.0832100155918472
1018,259-285,0.0002734080603864803,1.0834834236522337
1019,136-188,0.0002710619425492591,1.083754485594783
1020,56-190,0.00027104647014607116,1.084025532064929
1021,33-155,0.0002705076034560222,1.084296039668385
1022,177-281,0.0002703416886216957,1.0845663813570066
1023,155-183,0.00027018098029242115,1.084836562337299
1024,69-181,0.00026984690558369925,1.0851064092428828
1025,140-190,0.0002691447142882684,1.085375553957171
1026,160-190,0.0002670712711988247,1.0856426252283697
1027,187-278,0.00026562837405451844,1.0859082536024243
1028,80-251,0.00026543244857942254,1.0861736860510036
1029,157-189,0.0002652220014841198,1.0864389080524877
1030,126-208,0.0002648897288710285,1.0867037977813587
1031,69-201,0.00026317627687051924,1.0869669740582293
1032,162-206,0.00026194196133369415,1.087228916019563
1033,42-186,0.0002617341952029024,1.0874906502147659
1034,155-267,0.0002603807678011086,1.087751030982567
1035,189-214,0.0002591048889293737,1.0880101358714964
1036,190-242,0.0002589892131878175,1.0882691250846843
1037,88-191,0.00025896542797092747,1.0885280905126553
1038,155-179,0.000257438968886079,1.0887855294815414
1039,86-208,0.00025734261466758005,1.0890428720962089
1040,138-206,0.00025651598360728456,1.089299388079816
1041,146-180,0.00025509523235304663,1.089554483312169
1042,103-231,0.0002544452998109887,1.08980892861198
1043,70-140,0.0002492503936510295,1.0900581790056312
1044,136-207,0.0002483376549009475,1.0903065166605321
1045,186-266,0.0002477392475265451,1.0905542559080588
1046,122-189,0.00024674744554353063,1.0908010033536022
1047,158-191,0.0002458978649112195,1.0910469012185133
1048,207-276,0.00024571594329156663,1.091292617161805
1049,190-240,0.00024467652497598953,1.0915372936867809
1050,70-292,0.0002440607821414665,1.0917813544689223
1051,154-168,0.00024392550514481265,1.092025279974067
1052,150-232,0.0002438748578415925,1.0922691548319086
1053,100-186,0.00024326236283245096,1.092512417194741
1054,191-232,0.0002426913468911624,1.092755108541632
1055,127-175,0.00024151311700010825,1.0929966216586322
1056,136-153,0.00024042125515636115,1.0932370429137885
1057,36-184,0.0002400763058258773,1.0934771192196144
1058,153-252,0.00023920187842208418,1.0937163210980365
1059,57-183,0.00023848129642651929,1.093954802394463
1060,155-185,0.0002383216725474327,1.0941931240670104
1061,155-268,0.000237934721648203,1.0944310587886585
1062,130-225,0.00023353007905750012,1.094664588867716
1063,189-286,0.00023336754810262712,1.0948979564158186
1064,183-219,0.0002318749017799845,1.0951298313175986
1065,85-191,0.0002307820896051937,1.0953606134072038
1066,177-231,0.00023072359847703682,1.095591337005681
1067,61-187,0.00022997424854173752,1.0958213112542226
1068,92-182,0.00022894991235383058,1.0960502611665763
1069,65-70,0.00022788294095447677,1.0962781441075309
1070,163-190,0.00022717098670616443,1.096505315094237
1071,39-189,0.00022597693163253,1.0967312920258696
1072,184-265,0.00022457559035282522,1.0969558676162223
1073,206-249,0.0002236745873184623,1.0971795422035409
1074,153-180,0.0002220651978967192,1.0974016074014377
1075,118-193,0.00022093072663563584,1.0976225381280733
1076,80-176,0.0002207191175829315,1.0978432572456562
1077,145-182,0.00021953177196568842,1.098062789017622
1078,89-184,0.00021914266794493436,1.098281931685567
1079,64-180,0.00021758158146264388,1.0984995132670297
1080,153-282,0.00021694707364074958,1.0987164603406705
1081,128-186,0.0002139751021405794,1.098930435442811
1082,102-238,0.00021225803284205717,1.0991426934756532
1083,76-186,0.000206714218622003,1.0993494076942751
1084,184-280,0.0002064984968936712,1.0995559061911688
1085,255-287,0.0002052571751231342,1.099761163366292
1086,62-155,0.00020200251959459338,1.0999631658858866
1087,105-185,0.00020156554212296508,1.1001647314280096
1088,273-287,0.00020035158709605803,1.1003650830151057
1089,186-200,0.0001956455419024157,1.100560728557008
1090,31-182,0.0001949838140941256,1.1007557123711023
1091,63-155,0.00019457524142537305,1.1009502876125277
1092,132-183,0.000194512083906769,1.1011447996964345
1093,153-279,0.00019378530545742634,1.101338585001892
1094,131-153,0.00019345070389870575,1.1015320357057907
1095,74-186,0.00019297135288847897,1.1017250070586793
1096,107-185,0.00018844101254825857,1.1019134480712276
1097,153-257,0.00018756397383183697,1.1021010120450594
1098,134-187,0.00018583281720726709,1.1022868448622667
1099,240-279,0.0001783879112750855,1.1024652327735418
1100,137-192,0.0001779148601718767,1.1026431476337137
1101,35-189,0.00017752650764013737,1.102820674141354
1102,134-153,0.00017664573910095474,1.102997319880455
1103,175-280,0.00017581020351420244,1.1031731300839691
1104,169-208,0.00017423474870619348,1.1033473648326753
1105,136-206,0.0001727444630450488,1.1035201092957203
1106,42-206,0.00017270976532977962,1.10369281906105
1107,35-182,0.00017195336891762483,1.1038647724299677
1108,150-256,0.00017169505187453798,1.1040364674818424
1109,95-189,0.00016967541641342953,1.1042061428982557
1110,69-191,0.00016905960554115806,1.104375202503797
1111,34-191,0.0001686873214645021,1.1045438898252615
1112,192-220,0.0001686826430867636,1.1047125724683482
1113,70-127,0.0001685048399812476,1.1048810773083295
1114,64-186,0.0001682056256120773,1.1050492829339416
1115,83-191,0.00016597433693589452,1.1052152572708775
1116,200-206,0.00016595725456066885,1.1053812145254382
1117,189-262,0.00016456631614351149,1.1055457808415818
1118,41-113,0.00016348064135868724,1.1057092614829405
1119,71-191,0.00016307443773056472,1.105872335920671
1120,185-241,0.00016221866162307723,1.106034554582294
1121,175-257,0.00016199806771390748,1.106196552650008
1122,206-213,0.00016074552118913897,1.106357298171197
1123,191-206,0.0001602975999631838,1.1065175957711604
1124,189-257,0.00016001097991963413,1.10667760675108
1125,70-252,0.00015845086063401444,1.106836057611714
1126,189-234,0.00015775199577168934,1.1069938096074856
1127,154-219,0.0001577057606962446,1.107151515368182
1128,162-189,0.00015622022041520764,1.1073077355885972
1129,154-189,0.000156024508544802,1.107463760097142
1130,133-175,0.00015582522474864494,1.1076195853218906
1131,47-189,0.00015347009085932043,1.10777305541275
1132,93-190,0.00015343714898609552,1.1079264925617363
1133,140-208,0.0001532162093487209,1.108079708771085
1134,149-198,0.00015286744673393614,1.108232576217819
1135,193-234,0.00015119587793569042,1.1083837720957546
1136,70-128,0.00015025669893732016,1.1085340287946919
1137,95-203,0.00014937649963161833,1.1086834052943235
1138,55-189,0.00014904483611157245,1.1088324501304352
1139,92-191,0.00014714642583887644,1.108979596556274
1140,71-185,0.0001465992348032656,1.1091261957910774
1141,188-252,0.00014614985375525048,1.1092723456448326
1142,193-208,0.00014450605610208758,1.1094168517009346
1143,208-288,0.00014382573278492347,1.1095606774337194
1144,208-281,0.0001435323759266683,1.1097042098096461
1145,70-287,0.0001431485953344958,1.1098473584049806
1146,190-220,0.0001425730096510846,1.1099899314146318
1147,129-208,0.0001372189060165957,1.1101271503206485
1148,144-190,0.00013676112695773054,1.1102639114476063
1149,67-189,0.00013596674157510463,1.1103998781891813
1150,38-189,0.00013563009329624885,1.1105355082824775
1151,157-183,0.00013247499734372545,1.1106679832798212
1152,191-233,0.00013240767216133925,1.1108003909519826
1153,70-288,0.0001321524591831466,1.1109325434111657
1154,151-197,0.0001317462775677405,1.1110642896887335
1155,208-271,0.00013116317867487107,1.1111954528674084
1156,185-193,0.00013075677840205204,1.1113262096458105
1157,70-168,0.0001306214050737733,1.1114568310508843
1158,75-218,0.0001305634737317482,1.111587394524616
1159,81-186,0.00012991548306424922,1.1117173100076803
1160,189-285,0.0001289310885783404,1.1118462410962586
1161,192-205,0.00012780799999170136,1.1119740490962504
1162,191-227,0.00012560060723189721,1.1120996497034823
1163,80-164,0.00012402580630518364,1.1122236755097874
1164,127-290,0.00012386894280369347,1.112347544452591
1165,155-190,0.00012355466455280623,1.1124710991171438
1166,62-182,0.00012307987142900435,1.1125941789885727
1167,133-193,0.00012209607625171217,1.1127162750648245
1168,133-153,0.00011918406862270636,1.1128354591334473
1169,189-282,0.00011887583564939852,1.1129543349690967
1170,253-292,0.00011685156342068483,1.1130711865325174
1171,177-221,0.00011630437485330842,1.1131874909073707
1172,80-163,0.00011510475102361133,1.1133025956583944
1173,44-191,0.00011488132839683765,1.1134174769867913
1174,47-70,0.0001119768504847038,1.113529453837276
1175,105-178,0.00011090775817047295,1.1136403615954464
1176,159-208,0.00010987298059506517,1.1137502345760415
1177,192-248,0.00010685695009947286,1.113857091526141
1178,186-244,0.00010453762692352208,1.1139616291530645
1179,189-222,0.00010345592720970132,1.1140650850802742
1180,179-265,0.000103072146695352,1.1141681572269695
1181,191-194,0.00010060571000276096,1.1142687629369723
1182,179-271,9.921255734984858e-05,1.114367975494322
1183,43-177,9.788515519814682e-05,1.1144658606495201
1184,62-69,9.635965360357899e-05,1.1145622203031238
1185,191-223,9.451161279402958e-05,1.1146567319159177
1186,34-185,9.328264570917205e-05,1.114750014561627
1187,153-219,9.325681921173109e-05,1.1148432713808387
1188,128-192,9.310319148468444e-05,1.1149363745723233
1189,192-212,9.276283974183883e-05,1.115029137412065
1190,186-252,9.200854811625179e-05,1.1151211459601813
1191,186-217,9.048827396206272e-05,1.1152116342341434
1192,170-184,8.889701028351362e-05,1.1153005312444269
1193,191-242,8.851803545172662e-05,1.1153890492798786
1194,108-208,8.695003198225286e-05,1.1154759993118608
1195,191-258,8.488069754980194e-05,1.1155608800094106
1196,128-183,8.358130263165426e-05,1.1156444613120422
1197,190-194,8.331125278312774e-05,1.1157277725648254
1198,206-242,7.911129366142154e-05,1.1158068838584867
1199,111-180,7.552297155917758e-05,1.115882406830046
1200,175-261,7.465126625337742e-05,1.1159570580962992
1201,197-207,7.271282897741233e-05,1.1160297709252767
1202,143-207,6.979631631913243e-05,1.1160995672415959
1203,111-206,6.696110922974611e-05,1.1161665283508255
1204,256-278,6.687857247770018e-05,1.1162334069233033
1205,155-211,6.669033955718051e-05,1.1163000972628605
1206,136-178,6.643081007887075e-05,1.1163665280729393
1207,185-210,6.57866483370663e-05,1.1164323147212765
1208,154-171,6.554525377219855e-05,1.1164978599750486
1209,189-263,6.4982825711528e-05,1.1165628428007601
1210,96-180,6.479152106819902e-05,1.1166276343218284
1211,112-190,6.47493726597119e-05,1.1166923836944882
1212,166-185,6.283883878769515e-05,1.116755222533276
1213,187-225,6.086260643755517e-05,1.1168160851397135
1214,81-185,6.068890251476989e-05,1.1168767740422283
1215,57-191,5.9975901454745046e-05,1.116936749943683
1216,56-186,5.990921576266989e-05,1.1169966591594458
1217,94-190,5.9604496425470915e-05,1.1170562636558712
1218,186-254,5.885669074865603e-05,1.1171151203466199
1219,67-190,5.758759875132649e-05,1.1171727079453713
1220,74-180,5.694935267990961e-05,1.1172296572980511
1221,34-180,5.025478776350997e-05,1.1172799120858146
1222,172-191,4.80647233963586e-05,1.117327976809211
1223,208-260,4.685147896376092e-05,1.1173748282881748
1224,69-282,4.570280914847277e-05,1.1174205310973233
1225,92-189,4.450993026175486e-05,1.117465041027585
1226,90-190,4.406421766665058e-05,1.1175091052452517
1227,80-182,4.330718946329172e-05,1.117552412434715
1228,88-187,4.206378882379486e-05,1.1175944762235388
1229,145-153,4.192124918588433e-05,1.1176363974727246
1230,169-236,4.031282502163298e-05,1.1176767102977463
1231,141-191,4.021164969752439e-05,1.1177169219474439
1232,123-193,3.974642513504073e-05,1.1177566683725788
1233,55-191,3.960510897490818e-05,1.1177962734815536
1234,136-183,3.9391242854892246e-05,1.1178356647244085
1235,51-185,3.495177117035586e-05,1.117870616495579
1236,116-182,3.390263031464516e-05,1.1179045191258936
1237,67-173,3.268089510098687e-05,1.1179372000209946
1238,70-213,3.187080278793705e-05,1.1179690708237826
1239,70-254,3.151893110323871e-05,1.118000589754886
1240,35-186,3.065140299918501e-05,1.1180312411578852
1241,201-208,2.9525310594131424e-05,1.1180607664684794
1242,61-182,2.905365866348472e-05,1.118089820127143
1243,166-191,2.659755883768402e-05,1.1181164176859806
1244,143-253,2.617237967951991e-05,1.11814259006566
1245,32-191,2.5799047633115884e-05,1.1181683891132932
1246,190-199,2.4499103190886856e-05,1.118192888216484
1247,199-207,2.3779702230652747e-05,1.1182166679187147
1248,70-290,2.1742596144389004e-05,1.118238410514859
1249,207-270,2.1300697555303483e-05,1.1182597112124144
1250,184-284,2.1071392412750635e-05,1.118280782604827
1251,173-191,1.994210156482469e-05,1.1183007247063919
1252,70-227,1.906519041133814e-05,1.1183197898968031
1253,191-264,1.7772365037253563e-05,1.1183375622618403
1254,151-253,1.6683094131383636e-05,1.1183542453559716
1255,132-193,1.619306052207482e-05,1.1183704384164936
1256,144-263,1.5982371489208085e-05,1.1183864207879828
1257,191-267,1.5938002846326292e-05,1.1184023587908292
1258,141-189,1.478998806589249e-05,1.118417148778895
1259,208-287,1.324268992549539e-05,1.1184303914688205
1260,191-291,1.1056338134333154e-05,1.1184414478069549
1261,40-206,1.091253692563854e-05,1.1184523603438805
1262,143-161,1.0658131699069727e-05,1.1184630184755795
1263,191-222,1.047663013468085e-05,1.1184734951057143
1264,189-281,9.627189394611422e-06,1.1184831222951088
1265,206-234,7.695417610627807e-06,1.1184908177127195
1266,116-208,7.607044550649589e-06,1.1184984247572702
1267,155-199,6.8174109311754105e-06,1.1185052421682014
1268,165-185,2.685785350126646e-06,1.1185079279535515
1269,126-225,1.4567985831270835e-06,1.1185093847521346
1270,128-153,7.627944994085395e-07,1.118510147546634
